"Country","Year","Region","Value.x","Value.y","Value"
"Albania",1,"Europe & Central Asia",9.33697302290955,4.84298085722844,-1.86943996911257
"Albania",2,"Europe & Central Asia",9.32098689206325,4.82521638599275,-2.43783224240207
"Algeria",3,"Middle East & North Africa",9.53964411911878,4.62210145873252,-1.00342938969092
"Algeria",4,"Middle East & North Africa",9.50450141052567,4.61096364214151,-1.46915436698704
"Algeria",5,"Middle East & North Africa",9.48493720487931,4.57667840278393,-1.6280602365622
"Algeria",6,"Middle East & North Africa",9.46109909032337,4.53235823893566,-1.81063652499774
"Algeria",7,"Middle East & North Africa",9.43986353025443,4.51769197776243,-2.71719185901949
"Argentina",1,"Latin America & Caribbean ",9.90098442231801,4.61353185407422,-0.530144368152391
"Argentina",2,"Latin America & Caribbean ",9.88989559901666,4.6122943081149,-0.534298979951633
"Argentina",3,"Latin America & Caribbean ",9.87816974455184,4.60616551273831,-0.568313503638619
"Argentina",4,"Latin America & Caribbean ",9.87302834505142,4.60107678005761,-0.577571022712463
"Argentina",5,"Latin America & Caribbean ",9.85849018660539,4.58810272913573,-0.754150624120277
"Argentina",6,"Latin America & Caribbean ",9.85587169859446,4.58548595084943,-0.780864261045176
"Argentina",7,"Latin America & Caribbean ",9.78188473077688,4.57577604465332,-0.798041138406129
"Argentina",8,"Latin America & Caribbean ",9.75672617114073,4.56726967616617,-0.452619610701629
"Argentina",9,"Latin America & Caribbean ",9.68719547617102,4.55319409848009,-0.477761644978794
"Armenia",1,"Europe & Central Asia",9.11493018717152,4.84835110182992,-1.38353816292617
"Armenia",2,"Europe & Central Asia",9.10719961305667,4.8331711618553,-1.4211342839626
"Armenia",3,"Europe & Central Asia",9.08136999067922,4.82420207394241,-1.42129997031871
"Armenia",4,"Europe & Central Asia",9.04664427930539,4.81702755286232,-1.43409901106803
"Armenia",5,"Europe & Central Asia",8.98092720764838,4.79441190678768,-1.49490459584394
"Armenia",6,"Europe & Central Asia",8.94767606249969,4.78614035334664,-1.50530314770209
"Armenia",7,"Europe & Central Asia",8.89151157052756,4.77475604897961,-1.55580236326819
"Armenia",8,"Europe & Central Asia",8.8378263640077,4.71972376717198,-1.23412278127682
"Armenia",9,"Europe & Central Asia",8.79330862749655,4.69681966424657,-1.30933331998376
"Australia",1,"East Asia & Pacific",10.7221654555433,4.63082550229839,0.809035088261871
"Australia",2,"East Asia & Pacific",10.7190735802887,4.62708775648054,0.78939782707769
"Australia",3,"East Asia & Pacific",10.7175240503715,4.61952843471803,0.780278550350151
"Australia",4,"East Asia & Pacific",10.7025700835047,4.61644237052701,0.617695999011947
"Australia",5,"East Asia & Pacific",10.6283756188801,4.61483426080885,0.562201014783521
"Australia",6,"East Asia & Pacific",10.5991316132947,4.60785284931745,0.454864610402932
"Australia",7,"East Asia & Pacific",10.5677207229314,4.60621941544347,0.414841016586643
"Australia",8,"East Asia & Pacific",10.5374153734361,4.60415083046139,0.874730965266991
"Australia",9,"East Asia & Pacific",10.4907185075045,4.59472546944608,0.866293439418448
"Austria",1,"Europe & Central Asia",10.830322498286,4.580615001268,1.08628663897747
"Austria",2,"Europe & Central Asia",10.8111410910146,4.57977083273068,1.07497511890196
"Austria",3,"Europe & Central Asia",10.7971235938455,4.57901518603033,1.00590837626308
"Austria",4,"Europe & Central Asia",10.7799974143984,4.57506706985051,0.985230801967138
"Austria",5,"Europe & Central Asia",10.7472075915754,4.57484988883189,0.96137881369008
"Austria",6,"Europe & Central Asia",10.7054891380082,4.5724112187485,0.949706165413559
"Austria",7,"Europe & Central Asia",10.65490364122,4.57204195578159,0.89011101409077
"Austria",8,"Europe & Central Asia",10.637296714815,4.56874076047614,1.12226696441437
"Austria",9,"Europe & Central Asia",10.6188853420309,4.56269354422619,1.11859137098342
"Azerbaijan",1,"Europe & Central Asia",9.74683374249075,4.57698227774345,-1.52106080181669
"Azerbaijan",2,"Europe & Central Asia",9.74683374249075,4.57483419693095,-1.52675254581549
"Azerbaijan",3,"Europe & Central Asia",9.7001466285181,4.41817442185381,-1.5539559029751
"Azerbaijan",4,"Europe & Central Asia",9.68843617111926,4.36085254037952,-1.55665572699513
"Azerbaijan",5,"Europe & Central Asia",9.63299030483845,4.28101835024935,-1.56107641155622
"Azerbaijan",6,"Europe & Central Asia",9.59492226916792,4.26931346429317,-1.77160396302449
"Azerbaijan",7,"Europe & Central Asia",9.59424130216851,4.21440772152415,-1.79854242152489
"Azerbaijan",8,"Europe & Central Asia",9.5324238711453,4.19534376200777,-1.38725482221502
"Azerbaijan",9,"Europe & Central Asia",9.42383754623859,4.0550946155776,-1.50309787666277
"Bahrain",8,"Middle East & North Africa",10.475596404719,4.3910829329435,-2.29105185718037
"Belarus",1,"Europe & Central Asia",9.81574863822812,4.72891057274601,-0.300726785972589
"Belarus",2,"Europe & Central Asia",9.77678989949017,4.71178745840498,-0.355290188869028
"Belarus",3,"Europe & Central Asia",9.77280922889401,4.67957210451594,-0.363109889576785
"Belarus",4,"Europe & Central Asia",9.76422548520262,4.63617269337566,-0.394970371015523
"Belarus",5,"Europe & Central Asia",9.75382677798172,4.61555143422753,-0.404215888707733
"Belarus",6,"Europe & Central Asia",9.73032393352694,4.61283489941147,-0.43886161492668
"Belarus",7,"Europe & Central Asia",9.65502619323763,4.60610061281166,-0.647141842803538
"Belarus",8,"Europe & Central Asia",9.56240470335723,4.60410254694227,-0.66025413725792
"Belarus",9,"Europe & Central Asia",9.56099724358935,4.55945556243546,-0.0390631255708566
"Belgium",1,"Europe & Central Asia",10.7519276175021,4.6003192269532,0.89881084492682
"Belgium",2,"Europe & Central Asia",10.7217243439349,4.59998247873412,0.889996036634437
"Belgium",3,"Europe & Central Asia",10.7130835457393,4.59898412555889,0.858301384669384
"Belgium",4,"Europe & Central Asia",10.6973846361962,4.5988125853262,0.768226823345965
"Belgium",5,"Europe & Central Asia",10.6779842787924,4.59267282691204,0.718507862625129
"Belgium",6,"Europe & Central Asia",10.637296714815,4.59178416795743,0.685180530909613
"Belgium",7,"Europe & Central Asia",10.6298277004518,4.59148777317021,0.654660997573318
"Belgium",8,"Europe & Central Asia",10.5720858601747,4.58703943111837,0.611172190564107
"Belgium",9,"Europe & Central Asia",10.5466563632898,4.58228229894664,0.901173033142156
"Bermuda",1,"North America",11.2264426730939,4.43108052984106,-1.3130438993803
"Bermuda",2,"North America",11.2225731639626,4.42008030658073,-1.47968238944156
"Bermuda",3,"North America",11.1405565843513,4.40579501471453,-1.50606937945707
"Bermuda",4,"North America",11.1338588307166,4.40541987333223,-1.52974911353273
"Bermuda",5,"North America",11.1288793242354,4.39698689576635,-1.56527749664845
"Bolivia",1,"Latin America & Caribbean ",8.86785006302941,4.54644928670005,-1.15274117850652
"Bolivia",2,"Latin America & Caribbean ",8.81284343351719,4.53406846103806,-1.20945446789517
"Bolivia",3,"Latin America & Caribbean ",8.7514744871409,4.53317898901785,-1.22094942853305
"Bolivia",4,"Latin America & Caribbean ",8.68440111040014,4.53309344393074,-1.22560510445305
"Bolivia",5,"Latin America & Caribbean ",8.61974977974133,4.50663486007545,-1.24674113617687
"Bolivia",6,"Latin America & Caribbean ",8.58110651715989,4.67706856791489,-1.28507440576298
"Bolivia",7,"Latin America & Caribbean ",8.53109609658523,4.66528882733246,-1.85374126158394
"Bolivia",9,"Latin America & Caribbean ",8.48260174664662,4.57658369736172,-1.12257716612194
"Bosnia and Herzegovina",1,"Europe & Central Asia",9.40837122247532,4.80878025665009,-1.35568756452699
"Bosnia and Herzegovina",2,"Europe & Central Asia",9.35876037709446,4.80054887997168,-1.51882054485049
"Bosnia and Herzegovina",3,"Europe & Central Asia",9.32812340763257,4.79074782745486,-3.61340099293803
"Bosnia and Herzegovina",4,"Europe & Central Asia",9.30291955326928,4.77620343430338,-3.68011794844536
"Bosnia and Herzegovina",5,"Europe & Central Asia",9.23600811872476,4.76117519517203,-3.85990505116604
"Bosnia and Herzegovina",6,"Europe & Central Asia",9.20833836930551,4.88633160922218,-3.9276443863311
"Bosnia and Herzegovina",7,"Europe & Central Asia",9.15588418618012,4.81837978829459,-3.99377550730041
"Bosnia and Herzegovina",8,"Europe & Central Asia",9.14313162228273,4.81809157780337,-1.1339804325059
"Bosnia and Herzegovina",9,"Europe & Central Asia",9.14206153122289,4.81629294251692,-1.3256509159512
"Botswana",1,"Sub-Saharan Africa ",9.72196567591274,4.64022453116977,-1.37089356454387
"Botswana",8,"Sub-Saharan Africa ",9.41897923708751,4.67868889707599,-0.611935925135122
"Botswana",9,"Sub-Saharan Africa ",9.37754829096009,4.65745875623598,-0.629496553483669
"Brazil",1,"Latin America & Caribbean ",9.67218581352046,4.6155267145004,-0.0122345376683425
"Brazil",2,"Latin America & Caribbean ",9.66649859439987,4.61283431111808,0.180887195255775
"Brazil",3,"Latin America & Caribbean ",9.63430006272051,4.60919443388679,0.154907536196347
"Brazil",4,"Latin America & Caribbean ",9.62046129162054,4.60706433099448,0.147290056622026
"Brazil",5,"Latin America & Caribbean ",9.60305790726184,4.60153563608871,0.132185487300157
"Brazil",6,"Latin America & Caribbean ",9.58740600556265,4.63143720081414,0.12129685495618
"Brazil",7,"Latin America & Caribbean ",9.5345954246588,4.62792411352882,0.120401825852296
"Brazil",8,"Latin America & Caribbean ",9.44383021534454,4.61867059866802,0.113042930197186
"Brazil",9,"Latin America & Caribbean ",9.44065812703839,4.61687611429456,0.0783397199512147
"Brunei Darussalam",2,"East Asia & Pacific",11.3267163614491,4.12602949947963,-3.29656713258407
"Brunei Darussalam",3,"East Asia & Pacific",11.308358299229,4.10348758450442,-3.99431824815498
"Brunei Darussalam",4,"East Asia & Pacific",11.3012162912817,4.10304652343546,-4.1401790985659
"Bulgaria",1,"Europe & Central Asia",9.86214458900175,4.61455694070601,-0.631280976884178
"Bulgaria",2,"Europe & Central Asia",9.78414079490356,4.60925964696538,-0.701865071179668
"Bulgaria",3,"Europe & Central Asia",9.76192398821434,4.60369174186707,-0.807884858030369
"Bulgaria",4,"Europe & Central Asia",9.69707820021308,4.60140148008284,-0.851369471490595
"Bulgaria",5,"Europe & Central Asia",9.679718805828,4.56107714758554,-0.044401309298167
"Bulgaria",6,"Europe & Central Asia",9.62773405094962,4.78547406454553,-0.229513798322053
"Bulgaria",7,"Europe & Central Asia",9.5915127875153,4.68469348040875,-0.454272022417879
"Bulgaria",8,"Europe & Central Asia",9.5382042340608,4.63640431794541,-0.502873988645043
"Bulgaria",9,"Europe & Central Asia",9.52660990127988,4.63326658489352,-0.572931550506369
"Burkina Faso",1,"Sub-Saharan Africa ",7.45587668749182,4.71529743467499,-1.67803800392636
"Burkina Faso",2,"Sub-Saharan Africa ",7.39633529380081,4.7042310230097,-1.70997673781271
"Burkina Faso",3,"Sub-Saharan Africa ",7.37775890822787,4.70266390221131,-1.7680820058737
"Burkina Faso",4,"Sub-Saharan Africa ",7.36518012602101,4.69139943457835,-2.20002850466895
"Burkina Faso",5,"Sub-Saharan Africa ",7.32646561384032,4.68348786172307,-1.08084113518299
"Burkina Faso",6,"Sub-Saharan Africa ",7.25841215059531,4.7568258525319,-1.30316718454601
"Burkina Faso",7,"Sub-Saharan Africa ",7.2152399787301,4.74512478985964,-1.42047181292148
"Burkina Faso",8,"Sub-Saharan Africa ",7.20042489294496,4.74437251464796,-1.60868819354355
"Burkina Faso",9,"Sub-Saharan Africa ",7.20042489294496,4.73904640804812,-1.65679160881757
"Burundi",5,"Sub-Saharan Africa ",6.64639051484773,4.81614370117498,-1.60793903631036
"Burundi",6,"Sub-Saharan Africa ",6.64639051484773,4.91501354350018,-1.86911578847628
"Burundi",7,"Sub-Saharan Africa ",6.60665018619822,4.86955096213129,-1.93544509920755
"Burundi",8,"Sub-Saharan Africa ",6.59304453414244,4.85607459177932,-1.98195192040258
"Burundi",9,"Sub-Saharan Africa ",6.59304453414244,4.85541828868201,-2.10965335708808
"Cabo Verde",1,"Sub-Saharan Africa ",8.73552518573323,4.83534759658926,-2.62265262558998
"Cambodia",2,"East Asia & Pacific",8.09864284375942,4.64810494656862,-2.13478513271911
"Cambodia",3,"East Asia & Pacific",8.03915739047324,4.64809112673069,-3.00094584060688
"Canada",1,"North America",10.7095168901527,4.61982966882126,0.586168690019741
"Canada",2,"North America",10.6971585708624,4.61709257983534,0.525698472588697
"Canada",3,"North America",10.6910354085176,4.61551504980928,0.479632126137692
"Canada",4,"North America",10.6789057255289,4.58779978747994,0.668654672947237
"Canada",5,"North America",10.6310361598134,4.62846052228145,0.651825060998008
"Canada",6,"North America",10.6159470441284,4.6276690744087,0.648604732059085
"Canada",7,"North America",10.5886025613988,4.62467794349994,0.622563759104482
"Canada",8,"North America",10.5771970392036,4.62415695530987,0.610124202957162
"Canada",9,"North America",10.5484943577681,4.62150325177457,0.586969664581562
"Chile",1,"Latin America & Caribbean ",10.0230467875938,4.58436972791734,-1.04108894142446
"Chile",2,"Latin America & Caribbean ",10.0082979168885,4.57142466699544,-1.10569732839134
"Chile",3,"Latin America & Caribbean ",10.0015212928075,4.53874712660985,-1.16924936826755
"Chile",4,"Latin America & Caribbean ",9.97998552350885,4.52456358937926,-0.938561903520386
"Chile",5,"Latin America & Caribbean ",9.93207500938804,4.61089904308622,-0.955967549027053
"Chile",6,"Latin America & Caribbean ",9.86214458900175,4.60627240018425,-0.976704438434776
"Chile",7,"Latin America & Caribbean ",9.73920235822827,4.60545143604794,-0.980349368174876
"Chile",8,"Latin America & Caribbean ",9.63364539821268,4.59673016674825,-1.00824156062206
"Chile",9,"Latin America & Caribbean ",9.62311205526679,4.59533028490629,-1.03744193343831
"China",1,"East Asia & Pacific",9.64665794356711,4.5697079209296,0.508316478492188
"China",2,"East Asia & Pacific",9.57498348556409,4.56803379986161,0.366384651785101
"China",3,"East Asia & Pacific",9.50747760319872,4.56216442114921,0.317842635346633
"China",4,"East Asia & Pacific",9.41491253770496,4.53162194691212,0.725411058646635
"China",5,"East Asia & Pacific",9.33432635175717,4.58263056193509,0.703622126253928
"China",6,"East Asia & Pacific",9.23892782882809,4.58099209700444,0.688647070235022
"China",7,"East Asia & Pacific",9.13669383180788,4.58041910764968,0.645589007178114
"China",8,"East Asia & Pacific",9.03121370607875,4.57976920464475,0.574633878323819
"China",9,"East Asia & Pacific",8.94637482614172,4.57771128931069,0.536534305349241
"Colombia",1,"Latin America & Caribbean ",9.53964411911878,4.62711152807696,-1.66304968188275
"Colombia",2,"Latin America & Caribbean ",9.51487956149439,4.6232937464945,-1.66426375471788
"Colombia",3,"Latin America & Caribbean ",9.46885106712768,4.62279961054371,-1.73137958323934
"Colombia",4,"Latin America & Caribbean ",9.41328121597287,4.61706571483033,-1.29762436040739
"Colombia",5,"Latin America & Caribbean ",9.35617082018772,4.68328090713406,-1.38417660514889
"Colombia",6,"Latin America & Caribbean ",9.30291955326928,4.66847268695275,-1.41976841797761
"Colombia",7,"Latin America & Caribbean ",9.23600811872476,4.65820553763101,-1.52019153491991
"Colombia",8,"Latin America & Caribbean ",9.19927942461676,4.63039073337816,-1.5948449101312
"Colombia",9,"Latin America & Caribbean ",9.18399639663658,4.62960026088417,-1.64563520074599
"Congo, Dem. Rep.",4,"Sub-Saharan Africa ",6.47697236288968,4.64324885651211,-1.31676829847128
"Congo, Dem. Rep.",5,"Sub-Saharan Africa ",6.44571981938558,4.6960635719649,-1.97234653112835
"Congo, Dem. Rep.",6,"Sub-Saharan Africa ",6.39692965521615,4.68142604862453,-2.46087767198864
"Congo, Dem. Rep.",7,"Sub-Saharan Africa ",6.3456363608286,4.66240151838182,-2.52810646909422
"Congo, Dem. Rep.",8,"Sub-Saharan Africa ",6.30991827822652,4.65847309467515,-2.79458896251945
"Congo, Dem. Rep.",9,"Sub-Saharan Africa ",6.27287700654617,4.65420577169967,-2.84748469709379
"Costa Rica",1,"Latin America & Caribbean ",9.66459564425378,4.62372360855414,-0.550086337719293
"Costa Rica",2,"Latin America & Caribbean ",9.62773405094962,4.62336966404736,-0.585118228347846
"Costa Rica",3,"Latin America & Caribbean ",9.58397075656433,4.61013459830085,-0.58810271484064
"Costa Rica",4,"Latin America & Caribbean ",9.5453830157878,4.60819862601452,-0.652177996872547
"Costa Rica",5,"Latin America & Caribbean ",9.52369019117654,4.68990462402536,-0.723915714231582
"Costa Rica",6,"Latin America & Caribbean ",9.46807856805489,4.64251798394915,-0.761040656603596
"Costa Rica",7,"Latin America & Caribbean ",9.41897923708751,4.64186755432131,-0.849988142620092
"Costa Rica",8,"Latin America & Caribbean ",9.40013394360884,4.63426616006771,-0.945333417326886
"Costa Rica",9,"Latin America & Caribbean ",9.37075709338209,4.62947068583847,-1.02485080510606
"Croatia",1,"Europe & Central Asia",10.0270317386276,4.60042718818048,-0.124056422262005
"Croatia",2,"Europe & Central Asia",10.0141340726232,4.58492416553342,-0.157367514964551
"Croatia",3,"Europe & Central Asia",9.97161338158373,4.58091895118583,-0.169413228893242
"Croatia",4,"Europe & Central Asia",9.96269941216797,4.57429072930954,-0.205119465469959
"Croatia",5,"Europe & Central Asia",9.9281801651265,4.68250289421156,-0.23191944708632
"Croatia",6,"Europe & Central Asia",9.91046316627255,4.64164847852757,-0.234406743592921
"Croatia",7,"Europe & Central Asia",9.88786617163317,4.60978142178549,-0.284792916751087
"Croatia",8,"Europe & Central Asia",9.84267541313937,4.60938872452323,-0.285777221166818
"Croatia",9,"Europe & Central Asia",9.83360142507196,4.60052832753696,-0.294652979532616
"Cyprus",1,"Europe & Central Asia",10.4373458754127,4.61294783502269,-0.736702072712044
"Cyprus",2,"Europe & Central Asia",10.4175080671986,4.59708892235526,-0.770719608554936
"Cyprus",3,"Europe & Central Asia",10.410003904714,4.58676643097546,-0.785591470951225
"Cyprus",4,"Europe & Central Asia",10.3815833516792,4.58446995673343,-0.797463796825941
"Cyprus",5,"Europe & Central Asia",10.3797217315325,4.72530526535051,-0.80602476762706
"Cyprus",6,"Europe & Central Asia",10.3650178845772,4.67530681965166,-0.810985217728884
"Cyprus",7,"Europe & Central Asia",10.3394818656791,4.65726108439417,-0.848585355520142
"Cyprus",8,"Europe & Central Asia",10.2843183796859,4.63408256674403,-0.920650220651608
"Cyprus",9,"Europe & Central Asia",10.2815814638482,4.61987449823121,-0.951892003117129
"Czech Republic",1,"Europe & Central Asia",10.3899180194674,4.54580514786205,0.68035571751027
"Czech Republic",2,"Europe & Central Asia",10.3484938352648,4.54330820336433,0.667136825127714
"Czech Republic",3,"Europe & Central Asia",10.3116157780638,4.53941035277707,0.641253706100362
"Czech Republic",4,"Europe & Central Asia",10.2636065588774,4.52738755395037,0.577887832722871
"Czech Republic",5,"Europe & Central Asia",10.2128088000914,4.58329359599897,0.442863649293496
"Czech Republic",6,"Europe & Central Asia",10.1894180919491,4.57376243600022,0.293490172734757
"Czech Republic",7,"Europe & Central Asia",10.1650822902246,4.5661243714841,0.266754612768784
"Czech Republic",8,"Europe & Central Asia",10.1522988505989,4.56564078556058,0.26068593378121
"Czech Republic",9,"Europe & Central Asia",10.1503476304677,4.55595168189573,0.21559513355688
"Denmark",1,"Europe & Central Asia",10.8251637566866,4.53681126849314,1.12390309628789
"Denmark",2,"Europe & Central Asia",10.823571082649,4.53318110915282,1.10422318477535
"Denmark",3,"Europe & Central Asia",10.8125522393185,4.53300459790181,1.10322496722366
"Denmark",4,"Europe & Central Asia",10.7833217473997,4.52945248881441,1.10029087904667
"Denmark",5,"Europe & Central Asia",10.7324759560075,4.56930048842981,1.09054315392213
"Denmark",6,"Europe & Central Asia",10.7219449240615,4.55915691317971,1.08915773489717
"Denmark",7,"Europe & Central Asia",10.6862468917858,4.54308206128007,1.07662908564381
"Denmark",8,"Europe & Central Asia",10.6392151806312,4.54122814197569,1.02091017300407
"Denmark",9,"Europe & Central Asia",10.6147202006425,4.53908918815589,0.921771683976474
"Ecuador",1,"Latin America & Caribbean ",9.33344256911017,4.6210874386845,-0.817622560077454
"Ecuador",2,"Latin America & Caribbean ",9.32812340763257,4.6192850397632,-0.908893161493719
"Ecuador",3,"Latin America & Caribbean ",9.30837411224755,4.60246320812224,-0.929806661927676
"Ecuador",4,"Latin America & Caribbean ",9.29468152040993,4.59985561254489,-0.967847218788557
"Ecuador",5,"Latin America & Caribbean ",9.24570751581347,4.64931459219001,-1.07907440229507
"Ecuador",6,"Latin America & Caribbean ",9.18707174503683,4.63207921264067,-1.10153656018536
"Ecuador",7,"Latin America & Caribbean ",9.10830764641103,4.62819877548161,-1.47933112708888
"Ecuador",8,"Latin America & Caribbean ",9.07222706984655,4.62739966304677,-2.02540800518741
"Ecuador",9,"Latin America & Caribbean ",9.07222706984655,4.62110881991404,-2.05081521289151
"Egypt, Arab Rep.",1,"Middle East & North Africa",9.30383071506352,4.66661655767219,-0.324774917789072
"Egypt, Arab Rep.",2,"Middle East & North Africa",9.26577507886428,4.65960761113916,-0.436909336649338
"Egypt, Arab Rep.",3,"Middle East & North Africa",9.22621372113247,4.65622310671778,-0.43760614144058
"Egypt, Arab Rep.",4,"Middle East & North Africa",9.20029003612268,4.64555156124149,-0.631168182207967
"Egypt, Arab Rep.",5,"Middle East & North Africa",9.18707174503683,4.69440987513182,-0.666524723999838
"Egypt, Arab Rep.",6,"Middle East & North Africa",9.166388484447,4.68654971025605,-0.83461858323013
"Egypt, Arab Rep.",7,"Middle East & North Africa",9.15588418618012,4.68612255563334,-0.838797425009158
"Egypt, Arab Rep.",8,"Middle East & North Africa",9.13345932764022,4.68137016008925,-1.30900004219364
"Egypt, Arab Rep.",9,"Middle East & North Africa",9.10609035060238,4.6694568043588,-1.36637409368476
"El Salvador",1,"Latin America & Caribbean ",9.01432548805023,4.76148668830152,-2.03868354920767
"El Salvador",2,"Latin America & Caribbean ",8.98719682066197,4.75455613441292,-2.18524660057681
"El Salvador",3,"Latin America & Caribbean ",8.95931161717244,4.74908237339055,-2.4151940373767
"El Salvador",4,"Latin America & Caribbean ",8.93326847863642,4.74042152981314,-2.47029393742015
"El Salvador",5,"Latin America & Caribbean ",8.90652891759452,4.81069392816676,-2.55825183601382
"El Salvador",6,"Latin America & Caribbean ",8.88599431515281,4.78085137968054,-2.69963570250119
"El Salvador",7,"Latin America & Caribbean ",8.86361575889062,4.77645764466416,-2.85284478600544
"El Salvador",8,"Latin America & Caribbean ",8.84937050375457,4.77452853730477,-3.46990457967195
"El Salvador",9,"Latin America & Caribbean ",8.82614739914356,4.76736286985015,-3.48970078025356
"Estonia",1,"Europe & Central Asia",10.2805531861226,4.56432392348263,0.835752901647675
"Estonia",2,"Europe & Central Asia",10.2431689200983,4.55430019597036,0.752665308084353
"Estonia",3,"Europe & Central Asia",10.2320716163083,4.54616829521589,0.54581238638721
"Estonia",4,"Europe & Central Asia",10.1983934700772,4.5394970600623,0.458449638216675
"Estonia",5,"Europe & Central Asia",10.1254303832738,4.64369322009376,0.402139584679587
"Estonia",6,"Europe & Central Asia",10.0566377320298,4.58954329054915,0.372404581981674
"Estonia",7,"Europe & Central Asia",9.97441189087283,4.57665072798711,0.333188278901219
"Estonia",8,"Europe & Central Asia",9.92622703950562,4.57648012470679,0.230730696001642
"Estonia",9,"Europe & Central Asia",9.89696633554586,4.56580677524935,0.0665739482496414
"Ethiopia",1,"Sub-Saharan Africa ",7.45587668749182,4.74370728300044,-0.50305588650163
"Finland",1,"Europe & Central Asia",10.6855609422905,4.56804874888445,1.22845271136926
"Finland",2,"Europe & Central Asia",10.6560821917395,4.61949700029166,1.20547068194693
"Finland",3,"Europe & Central Asia",10.6418470759176,4.61722571211639,1.19169574874692
"Finland",4,"Europe & Central Asia",10.6317605350714,4.61442764990583,1.15582088643401
"Finland",5,"Europe & Central Asia",10.6181515765583,4.61398349032487,1.06634388543785
"Finland",6,"Europe & Central Asia",10.6171723843136,4.61364239109534,1.32160382842915
"Finland",7,"Europe & Central Asia",10.5976342334292,4.61005793710161,1.31586384958067
"Finland",8,"Europe & Central Asia",10.5789797978574,4.5924330788318,1.29099143128928
"Finland",9,"Europe & Central Asia",10.5534662376947,4.58485800775041,1.26463507249256
"France",1,"Europe & Central Asia",10.6454248972655,4.61931554518973,0.792082599419086
"France",2,"Europe & Central Asia",10.6232766640425,4.63046756190481,0.783846747806587
"France",3,"Europe & Central Asia",10.6132459989013,4.62650847285832,0.776311165820681
"France",4,"Europe & Central Asia",10.5976342334292,4.62471431642685,0.719457995349742
"France",5,"Europe & Central Asia",10.5537272320848,4.62446149997473,0.700887149570162
"France",6,"Europe & Central Asia",10.5500670972797,4.623821722442,0.806114193328463
"France",7,"Europe & Central Asia",10.5113491388137,4.62381507830225,0.80382055794078
"France",8,"Europe & Central Asia",10.4887710872201,4.62253242739532,0.80260678346869
"France",9,"Europe & Central Asia",10.4730536713247,4.62012720399317,0.800111908780449
"Gabon",6,"Sub-Saharan Africa ",9.52588077255636,4.32968305002783,-0.546573706818079
"Gabon",7,"Sub-Saharan Africa ",9.47807480661827,4.30177439629895,-0.670896571625126
"Gabon",8,"Sub-Saharan Africa ",9.45093083689411,4.25479142810286,-0.876012885375585
"Gambia, The",1,"Sub-Saharan Africa ",7.39633529380081,4.71616311143976,-3.89271069439577
"Gambia, The",2,"Sub-Saharan Africa ",7.39018142822643,4.8340547799441,-4.04669790875475
"Gambia, The",9,"Sub-Saharan Africa ",7.27239839257005,4.73115435907,-2.02336371146013
"Georgia",1,"Europe & Central Asia",9.16009915553944,4.72696427813227,-1.7339812475087
"Georgia",2,"Europe & Central Asia",9.14313162228273,4.86586848806483,-2.48087478867463
"Georgia",3,"Europe & Central Asia",9.11932097358901,4.78455244550868,-1.1379978154024
"Georgia",4,"Europe & Central Asia",9.03360319347613,4.78075783680653,-1.40976771730553
"Georgia",5,"Europe & Central Asia",8.98092720764838,4.7751799756507,-1.43346982961232
"Georgia",6,"Europe & Central Asia",8.86785006302941,4.76910143424759,-1.52509676400035
"Georgia",7,"Europe & Central Asia",8.76248954737158,4.7667129355747,-1.53572287461182
"Georgia",8,"Europe & Central Asia",8.71111388405354,4.76666410554277,-1.68340743263427
"Georgia",9,"Europe & Central Asia",8.6978466911095,4.75118311048343,-1.68794014058906
"Germany",1,"Europe & Central Asia",10.8135589845964,4.52185499966618,0.955084430792911
"Germany",2,"Europe & Central Asia",10.7932289491767,4.55504872895629,0.89587575713154
"Germany",3,"Europe & Central Asia",10.7793728697752,4.55451504061373,1.0620416609345
"Germany",4,"Europe & Central Asia",10.7418167429406,4.55179398889948,1.05691838636894
"Germany",5,"Europe & Central Asia",10.7052648976215,4.54372733630658,1.05302897704614
"Germany",6,"Europe & Central Asia",10.6867039301849,4.54356235048759,1.03577897949654
"Germany",7,"Europe & Central Asia",10.5966347330961,4.5423334154113,1.02920861852923
"Germany",8,"Europe & Central Asia",10.5558127385758,4.53342780298848,1.00311042382672
"Germany",9,"Europe & Central Asia",10.5419145208958,4.5221014034345,0.998324072307573
"Ghana",3,"Sub-Saharan Africa ",8.26616443661249,4.75724196203757,-0.976704438434776
"Ghana",4,"Sub-Saharan Africa ",8.25062008217469,4.7298112127977,-1.46287307535226
"Greece",1,"Europe & Central Asia",10.3069506579736,4.60465348808236,-0.412776773303557
"Greece",2,"Europe & Central Asia",10.2985655677578,4.72390012857574,-0.471060187206575
"Greece",3,"Europe & Central Asia",10.2255710517052,4.69847356395933,-0.513395589968628
"Greece",4,"Europe & Central Asia",10.2043326115142,4.68789870845168,-0.552012268096241
"Greece",5,"Europe & Central Asia",10.2006247837587,4.67071246744846,-0.0442340589972493
"Greece",6,"Europe & Central Asia",10.1969031568357,4.64870636844553,-0.17868418007667
"Greece",7,"Europe & Central Asia",10.1685405069275,4.63290485400262,-0.211017371516369
"Greece",8,"Europe & Central Asia",10.1444710219787,4.62891964447232,-0.356232184828158
"Greece",9,"Europe & Central Asia",10.1436848584162,4.61236825674348,-0.397407656730434
"Guatemala",1,"Latin America & Caribbean ",8.95544812234739,4.67998431827503,-2.78288151172521
"Guatemala",2,"Latin America & Caribbean ",8.9319483464315,4.74222266965879,-2.8951632186323
"Guatemala",3,"Latin America & Caribbean ",8.8997307948807,4.71173816140672,-3.01064288628975
"Guatemala",4,"Latin America & Caribbean ",8.86502918668777,4.71050990241663,-3.03364184662721
"Guatemala",5,"Latin America & Caribbean ",8.83200393125627,4.70712501885574,-3.10822930478114
"Guatemala",6,"Latin America & Caribbean ",8.79633893284573,4.70504847620373,-3.13476448224955
"Guatemala",7,"Latin America & Caribbean ",8.76092337633884,4.70411989828673,-3.35383681030232
"Guatemala",9,"Latin America & Caribbean ",8.74193546409414,4.69121365282322,-2.70785022109954
"Honduras",1,"Latin America & Caribbean ",8.39162996844089,4.74760553816267,-3.17342456196428
"Honduras",2,"Latin America & Caribbean ",8.36170828857584,4.8910887179501,-3.18375002289283
"Honduras",3,"Latin America & Caribbean ",8.31630024903685,4.79101111426013,-3.25787656221793
"Honduras",8,"Latin America & Caribbean ",8.21878715560148,4.76936599596039,-3.11496636147769
"Honduras",9,"Latin America & Caribbean ",8.19146305132693,4.76300349305628,-3.1677075382938
"Hong Kong SAR, China",1,"East Asia & Pacific",11.003598717328,4.49787950385289,-0.319819663579671
"Hong Kong SAR, China",2,"East Asia & Pacific",10.9704371606954,4.6031185297924,-0.32501017771778
"Hong Kong SAR, China",3,"East Asia & Pacific",10.946587131274,4.59915109271383,-0.330033012992311
"Hong Kong SAR, China",4,"East Asia & Pacific",10.9068729912612,4.59379978188085,-0.257385678220431
"Hong Kong SAR, China",5,"East Asia & Pacific",10.8599600740431,4.58364594175875,-0.272754051867544
"Hong Kong SAR, China",6,"East Asia & Pacific",10.8483657412622,4.58098919244219,-0.285072147936376
"Hong Kong SAR, China",7,"East Asia & Pacific",10.7816609622972,4.5659081574856,-0.290459258599077
"Hong Kong SAR, China",8,"East Asia & Pacific",10.7672210336716,4.54462757672673,-0.300902410622636
"Hong Kong SAR, China",9,"East Asia & Pacific",10.7199579491281,4.52317287396705,-0.315272546456296
"Hungary",1,"Europe & Central Asia",10.1409284085512,4.49890902832427,0.128824080595534
"Hungary",2,"Europe & Central Asia",10.1137484780193,4.60145359570811,-0.0171665049219101
"Hungary",3,"Europe & Central Asia",10.0986430673102,4.56393762958739,-0.0410928645355589
"Hungary",4,"Europe & Central Asia",10.0744953494298,4.55064870937486,0.333381751702771
"Hungary",5,"Europe & Central Asia",10.002427500391,4.54220876002218,0.320357372588267
"Hungary",6,"Europe & Central Asia",9.98368409453041,4.53919144234232,0.308513582031714
"Hungary",7,"Europe & Central Asia",9.92573816147095,4.5359810575868,0.236801850632746
"Hungary",8,"Europe & Central Asia",9.88430473311935,4.53286751441475,0.176797996650593
"Hungary",9,"Europe & Central Asia",9.86941357220238,4.51240452630533,0.135133857990796
"Iceland",1,"Europe & Central Asia",10.8429087017991,4.49321724462086,0.795220800288919
"Iceland",2,"Europe & Central Asia",10.7506425455754,4.62684177016007,0.707991457095502
"Iceland",3,"Europe & Central Asia",10.6805162170768,4.53844079148306,0.572971910791882
"Iceland",4,"Europe & Central Asia",10.6478030196705,4.53415671469916,1.06945463928733
"Iceland",5,"Europe & Central Asia",10.5102595173493,4.52898078337291,0.996527882180959
"Iceland",6,"Europe & Central Asia",10.4501628291958,4.52011013671089,0.977035817022827
"Iceland",7,"Europe & Central Asia",10.4355853115777,4.51782835447389,0.949001841921957
"Iceland",8,"Europe & Central Asia",10.4219836826063,4.51713422641423,0.933556811518338
"Iceland",9,"Europe & Central Asia",10.3797217315325,4.51080110915783,0.914521167117557
"India",1,"South Asia",8.77801780969814,4.61964510797357,-0.225521376100174
"India",2,"South Asia",8.70946507906336,4.67025412466392,-0.295230490209111
"India",3,"South Asia",8.63230599851674,4.66854919803962,-0.466170983225559
"India",4,"South Asia",8.55448897615993,4.65914598564865,-0.142393401629101
"India",5,"South Asia",8.48879371689454,4.65613423776361,-0.168880296628161
"India",6,"South Asia",8.43381158247719,4.64926361820483,-0.185245828311201
"India",7,"South Asia",8.35936910622267,4.63465641826334,-0.196136545827683
"India",8,"South Asia",8.26873183211774,4.63455819059251,-0.204775776456032
"India",9,"South Asia",8.19422930481982,4.62802306211752,-0.209265301281501
"Indonesia",4,"East Asia & Pacific",9.17781718027062,4.60910384622108,-2.46911204388936
"Indonesia",5,"East Asia & Pacific",9.12260145766818,4.60087068751965,-2.48566693873441
"Indonesia",6,"East Asia & Pacific",9.0583540149783,4.59738990581713,-2.69296456368417
"Indonesia",7,"East Asia & Pacific",8.99218436217301,4.59521051899557,-3.04786802797452
"Iran, Islamic Rep.",1,"Middle East & North Africa",9.90398742757778,4.52097724231505,-0.520943301954276
"Iran, Islamic Rep.",2,"Middle East & North Africa",9.80862727151217,4.60046441480685,-0.55123103840103
"Iran, Islamic Rep.",3,"Middle East & North Africa",9.79143804872751,4.59628410349282,-0.648671070459428
"Iran, Islamic Rep.",4,"Middle East & North Africa",9.77678989949017,4.5891058784022,-0.698481382150647
"Iran, Islamic Rep.",5,"Middle East & North Africa",9.77451717123917,4.58825489973855,-1.12377626233166
"Iran, Islamic Rep.",6,"Middle East & North Africa",9.74507781578849,4.58778597184885,-1.25821781917833
"Iran, Islamic Rep.",7,"Middle East & North Africa",9.74390548271166,4.57024414648144,-1.28225872272448
"Iran, Islamic Rep.",8,"Middle East & North Africa",9.71776020260734,4.55466760910971,-0.397482057617327
"Iran, Islamic Rep.",9,"Middle East & North Africa",9.71534911042061,4.55357513208963,-0.443509713147811
"Iraq",1,"Middle East & North Africa",9.75324588920559,4.38700085300435,-3.26335031497003
"Iraq",2,"Middle East & North Africa",9.66649859439987,4.68364664173398,-3.29037182657327
"Iraq",3,"Middle East & North Africa",9.65117262392164,4.66348767986187,-3.30062832674046
"Iraq",4,"Middle East & North Africa",9.64277192831416,4.60404113190962,-3.35756334464209
"Iraq",5,"Middle East & North Africa",9.61380347741367,4.56783109328907,-3.37086218186608
"Iraq",8,"Middle East & North Africa",9.42222073101168,4.43854306282658,-3.08500074131217
"Iraq",9,"Middle East & North Africa",9.41246455606632,4.4228840143057,-3.09026275740022
"Ireland",1,"Europe & Central Asia",10.9864784603013,4.20322280574059,0.432418577668422
"Ireland",2,"Europe & Central Asia",10.9129042623998,4.51519629811152,0.414543772041368
"Ireland",3,"Europe & Central Asia",10.6887580219719,4.46042410377168,0.326393040322393
"Ireland",4,"Europe & Central Asia",10.6230332069506,4.42326865145484,0.210682230562913
"Ireland",5,"Europe & Central Asia",10.5539881583746,4.41677559287491,0.180920575878327
"Ireland",6,"Europe & Central Asia",10.5448149843663,4.40931122043508,0.475706089270976
"Ireland",7,"Europe & Central Asia",10.5099869263704,4.39809074420717,0.469071945363065
"Ireland",8,"Europe & Central Asia",10.4987462322769,4.39709610950954,0.446517476090416
"Ireland",9,"Europe & Central Asia",10.4542067399638,4.3566229743988,0.440413889025617
"Israel",1,"Middle East & North Africa",10.5135248263731,4.57458464882708,1.4261711090353
"Israel",2,"Middle East & North Africa",10.4795389612198,4.61160831736422,1.42112806154324
"Israel",3,"Middle East & North Africa",10.4293988137202,4.60518449075288,1.41632877839401
"Israel",4,"Middle East & North Africa",10.4184047942054,4.60027859368499,1.39072453339921
"Israel",5,"Middle East & North Africa",10.3394818656791,4.59096925897179,1.37105127330719
"Israel",6,"Middle East & North Africa",10.3142718221219,4.58686515718075,1.48284468072379
"Israel",7,"Middle East & North Africa",10.2499101200105,4.58406294235584,1.46502929094771
"Israel",8,"Middle East & North Africa",10.1987657016095,4.5840340021907,1.45594168507277
"Israel",9,"Middle East & North Africa",10.1972759434197,4.57849952624516,1.4507516289565
"Italy",1,"Europe & Central Asia",10.5573740191428,4.57138623549189,0.204213503210053
"Italy",2,"Europe & Central Asia",10.5031478900026,4.62467056270317,0.201715603900589
"Italy",3,"Europe & Central Asia",10.4981946602828,4.62075112152322,0.188932986381608
"Italy",4,"Europe & Central Asia",10.4965381165578,4.61302845078923,0.152892746103142
"Italy",5,"Europe & Central Asia",10.4932167738976,4.61170801645883,0.124330443414779
"Italy",6,"Europe & Central Asia",10.4932167738976,4.59524259385604,0.319173472042883
"Italy",7,"Europe & Central Asia",10.4653864464861,4.58232539097187,0.288841400171627
"Italy",8,"Europe & Central Asia",10.4622458300574,4.57622264858702,0.271125770136064
"Italy",9,"Europe & Central Asia",10.4484247059309,4.5755088723118,0.241729752789889
"Jamaica",6,"Latin America & Caribbean ",8.97335141383992,4.80141537574845,-2.79852210426629
"Jamaica",7,"Latin America & Caribbean ",8.96699411334445,4.77281254925,-3.0045712222212
"Japan",1,"East Asia & Pacific",10.6835002661177,4.59045741955773,1.20458061956882
"Japan",2,"East Asia & Pacific",10.6518328935608,4.62958690390088,1.1987954247968
"Japan",3,"East Asia & Pacific",10.6112770098329,4.62807315919969,1.18894951776404
"Japan",4,"East Asia & Pacific",10.6036103468325,4.62051798935593,1.17787623164466
"Japan",5,"East Asia & Pacific",10.5503289802196,4.61058560162243,1.17189682665486
"Japan",6,"East Asia & Pacific",10.5129813480988,4.60730311704085,1.16590015189867
"Japan",7,"East Asia & Pacific",10.4884925744764,4.60066952296369,1.14399984513128
"Japan",8,"East Asia & Pacific",10.4831860405885,4.59964566996806,1.22359894546111
"Japan",9,"East Asia & Pacific",10.4341158035983,4.59546001202952,1.20526397041214
"Jordan",8,"Middle East & North Africa",9.10164095505284,4.80940947801049,-0.833099140987391
"Jordan",9,"Middle East & North Africa",9.09829086816756,4.79547815984967,-1.08779105003653
"Kazakhstan",1,"Europe & Central Asia",10.0660314817214,4.38205206897667,-1.47250605793896
"Kazakhstan",2,"Europe & Central Asia",10.040201375852,4.56900362439547,-1.53289362479431
"Kazakhstan",3,"Europe & Central Asia",10.0127902874266,4.56451810195717,-1.56231580536537
"Kazakhstan",4,"Europe & Central Asia",9.96411217435256,4.52275791764607,-1.76428049823977
"Kazakhstan",5,"Europe & Central Asia",9.87148075640104,4.47930684881512,-1.77525639712904
"Kazakhstan",6,"Europe & Central Asia",9.81027517081395,4.45769654717468,-1.78904316173383
"Kazakhstan",7,"Europe & Central Asia",9.74741836688624,4.45026813777406,-1.79981180241888
"Kazakhstan",8,"Europe & Central Asia",9.70320567036518,4.4485679116008,-1.87255746205763
"Kazakhstan",9,"Europe & Central Asia",9.66966215287506,4.38438050541272,-1.87392442728269
"Kenya",1,"Sub-Saharan Africa ",8.04558828080353,4.68941745507599,-0.241307521941881
"Kenya",2,"Sub-Saharan Africa ",8.00302866638473,4.76385396233705,-1.03439882035448
"Korea, Rep.",1,"East Asia & Pacific",10.5069835111434,4.53301598713433,1.14300868738755
"Korea, Rep.",2,"East Asia & Pacific",10.4716382429214,4.60527755988611,1.101857018833
"Korea, Rep.",3,"East Asia & Pacific",10.4249563364006,4.59010836025656,1.45335937548391
"Korea, Rep.",4,"East Asia & Pacific",10.3997070239128,4.57682955528835,1.44176691024371
"Korea, Rep.",5,"East Asia & Pacific",10.3868391993014,4.57280296935633,1.4223658900244
"Korea, Rep.",6,"East Asia & Pacific",10.3548815925327,4.55716743757054,1.39081413155155
"Korea, Rep.",7,"East Asia & Pacific",10.3225267806714,4.55409363970297,1.32206512548196
"Korea, Rep.",8,"East Asia & Pacific",10.2629087221429,4.55120126479422,1.23928396204005
"Korea, Rep.",9,"East Asia & Pacific",10.2488487365746,4.53478763659546,1.19335564118953
"Kuwait",1,"Middle East & North Africa",11.478023412961,3.94250864815132,-2.45923890303942
"Kuwait",2,"Middle East & North Africa",11.365816599932,4.58697335507558,-2.46769561305765
"Kuwait",3,"Middle East & North Africa",11.3481687393557,4.51271610818726,-1.19888576527738
"Kuwait",4,"Middle East & North Africa",11.3284014846211,4.2474353684784,-2.18747228589354
"Kuwait",5,"Middle East & North Africa",11.3205535723228,4.1538861656049,-2.28868218782505
"Kuwait",6,"Middle East & North Africa",11.3154496604046,4.14352731655731,-2.29431934857701
"Kuwait",7,"Middle East & North Africa",11.311910265729,4.08032277063254,-2.3128374694584
"Kuwait",8,"Middle East & North Africa",11.3022044336546,4.02327314868909,-2.33088169214916
"Kuwait",9,"Middle East & North Africa",11.2782152772846,3.96425771711786,-2.45515369163865
"Kyrgyz Republic",1,"Europe & Central Asia",8.13446757027756,4.82014009796104,-2.07728387112604
"Kyrgyz Republic",2,"Europe & Central Asia",8.10470346837111,5.01640220614278,-2.11312242804872
"Kyrgyz Republic",3,"Europe & Central Asia",8.07402621612406,5.01215998381159,-1.45209234171032
"Kyrgyz Republic",4,"Europe & Central Asia",8.01961279440027,5.0074734857148,-1.6598894559302
"Kyrgyz Republic",5,"Europe & Central Asia",7.9550742732627,4.94579357848514,-1.79366127651765
"Kyrgyz Republic",6,"Europe & Central Asia",7.87853419614036,4.93453270861818,-1.83164440292697
"Kyrgyz Republic",7,"Europe & Central Asia",7.86710550031674,4.90585279122605,-1.8557861213929
"Kyrgyz Republic",8,"Europe & Central Asia",7.85166117788927,4.86848941849071,-1.85963154047489
"Kyrgyz Republic",9,"Europe & Central Asia",7.84776253747361,4.84499688516825,-1.9020655272789
"Lao PDR",3,"East Asia & Pacific",8.60703389541603,4.80265076058145,-3.29521705812492
"Latvia",1,"Europe & Central Asia",10.1476095102355,4.59577055242687,-0.542333490867682
"Latvia",2,"Europe & Central Asia",10.1023384112813,4.72665074345559,-0.590969725468617
"Latvia",3,"Europe & Central Asia",10.077020603297,4.65374951682194,-0.79250353510008
"Latvia",4,"Europe & Central Asia",10.0287977435016,4.64867818163946,-0.35986574341505
"Latvia",5,"Europe & Central Asia",9.95750214084237,4.64005213508399,-0.371643559632654
"Latvia",6,"Europe & Central Asia",9.89192091616466,4.62124685768234,-0.407412002076909
"Latvia",7,"Europe & Central Asia",9.86162334843743,4.61980593915033,-0.469203949075171
"Latvia",8,"Europe & Central Asia",9.80145482697098,4.6195205587674,-0.490141032573158
"Latvia",9,"Europe & Central Asia",9.78695373628018,4.61025932562554,-0.493018450116125
"Lesotho",4,"Sub-Saharan Africa ",8.03915739047324,5.08535815371486,-2.89462077218558
"Lesotho",5,"Sub-Saharan Africa ",8.03268487596762,5.03211289843072,-2.94048679932801
"Lesotho",6,"Sub-Saharan Africa ",7.99294454731811,5.02533567532369,-3.14771863055187
"Lesotho",7,"Sub-Saharan Africa ",7.98616486033273,5.01247233613403,-3.17366348204665
"Lesotho",8,"Sub-Saharan Africa ",7.9585769038139,4.98822159014335,-3.60859062288513
"Lesotho",9,"Sub-Saharan Africa ",7.94803199063728,4.95142125109624,-4.45847580683729
"Lithuania",1,"Europe & Central Asia",10.2639552947136,4.58478912185679,0.0415833046501425
"Lithuania",2,"Europe & Central Asia",10.233150947228,4.71466479050698,0.0334154335394035
"Lithuania",3,"Europe & Central Asia",10.2259333049242,4.63035484049544,-0.0504410260924243
"Lithuania",4,"Europe & Central Asia",10.1646973046568,4.62377090776335,-0.10064940814993
"Lithuania",5,"Europe & Central Asia",10.0820520604524,4.62183243120325,-0.110864523848157
"Lithuania",6,"Europe & Central Asia",9.99970641027667,4.60739561207625,-0.186727247612943
"Lithuania",7,"Europe & Central Asia",9.9054855551988,4.59652406364495,-0.221981726494121
"Lithuania",8,"Europe & Central Asia",9.89040231298747,4.59381173187234,-0.237698969323408
"Lithuania",9,"Europe & Central Asia",9.82444434519567,4.59134884289514,-0.244009743995595
"Luxembourg",1,"Europe & Central Asia",11.1816397550363,4.17076878005519,0.536645405740253
"Luxembourg",2,"Europe & Central Asia",11.1510943938821,4.23899406123078,0.496931546558033
"Luxembourg",3,"Europe & Central Asia",11.1268217103407,4.23372103040937,0.475668801809502
"Luxembourg",4,"Europe & Central Asia",11.0939190862954,4.21928377539374,0.423547302058881
"Luxembourg",5,"Europe & Central Asia",11.0641352321237,4.21706049258882,0.402300104765008
"Luxembourg",6,"Europe & Central Asia",11.0620968151105,4.21168742722133,0.263517445452483
"Luxembourg",7,"Europe & Central Asia",11.0592675142606,4.20641084704266,0.253393376880054
"Luxembourg",8,"Europe & Central Asia",11.0318204426533,4.18708641027296,0.253090627682162
"Luxembourg",9,"Europe & Central Asia",10.9307828424532,4.17277909618393,0.25288097837809
"Macao SAR, China",1,"East Asia & Pacific",11.6786093806112,3.68298641250124,-2.01703028155844
"Macao SAR, China",2,"East Asia & Pacific",11.6781856338359,4.20538455569284,-2.28818921271031
"Macao SAR, China",3,"East Asia & Pacific",11.5897013037723,4.10797793388314,-2.44334253071031
"Macao SAR, China",4,"East Asia & Pacific",11.5228757958234,4.06805412153637,-2.85945465526144
"Macao SAR, China",5,"East Asia & Pacific",11.4959827442399,4.03084036659676,-2.90937110790595
"Macao SAR, China",6,"East Asia & Pacific",11.478023412961,3.84353735867362,-2.97338386989023
"Macao SAR, China",7,"East Asia & Pacific",11.359657728567,3.80362696930608,-2.98895528927497
"Macao SAR, China",8,"East Asia & Pacific",11.1616644108756,3.73759082899799,-3.03572128177035
"Macao SAR, China",9,"East Asia & Pacific",11.1495135930931,3.73661950849905,-3.11249083416419
"Macedonia, FYR",1,"Europe & Central Asia",9.5687138725505,4.74103514331081,-0.657664213314614
"Macedonia, FYR",2,"Europe & Central Asia",9.49777241317275,4.82928219971517,-0.813531095572641
"Macedonia, FYR",3,"Europe & Central Asia",9.48189306249808,4.80045657023077,-0.823620397032847
"Macedonia, FYR",4,"Europe & Central Asia",9.42222073101168,4.79963533025248,-1.11917220263347
"Macedonia, FYR",5,"Europe & Central Asia",9.35703475112699,4.77864664356449,-1.49825438347349
"Macedonia, FYR",6,"Europe & Central Asia",9.34136863438259,4.77323697739326,-1.50130125382952
"Macedonia, FYR",7,"Europe & Central Asia",9.31739944426959,4.77122922944378,-1.5302109219828
"Macedonia, FYR",8,"Europe & Central Asia",9.29007533999504,4.76398612416184,-1.62653320786274
"Macedonia, FYR",9,"Europe & Central Asia",9.23892782882809,4.75551187655994,-1.76679372321031
"Madagascar",1,"Sub-Saharan Africa ",7.28619171470238,4.62754408445478,-1.49874663059147
"Madagascar",2,"Sub-Saharan Africa ",7.27239839257005,4.87035451831315,-1.74062918812645
"Madagascar",3,"Sub-Saharan Africa ",7.25134498337221,4.86180959552655,-1.80825477175725
"Madagascar",4,"Sub-Saharan Africa ",7.24422751560335,4.77131573351749,-1.91691461221406
"Madagascar",5,"Sub-Saharan Africa ",7.22256601882217,4.75005689121472,-1.96639861148265
"Madagascar",6,"Sub-Saharan Africa ",7.2152399787301,4.74455651788598,-2.01081140263901
"Madagascar",7,"Sub-Saharan Africa ",7.20785987143248,4.73702212431869,-2.17577624613035
"Madagascar",8,"Sub-Saharan Africa ",7.20785987143248,4.70821173810594,-2.24375030727315
"Madagascar",9,"Sub-Saharan Africa ",7.20042489294496,4.63925050107479,-4.16756062455336
"Malaysia",1,"East Asia & Pacific",10.1998815655899,4.35245700631308,0.260924767350018
"Malaysia",2,"East Asia & Pacific",10.1612257486148,4.53592992127532,0.230079442315322
"Malaysia",3,"East Asia & Pacific",10.1121264176475,4.52556120994727,0.0889079107653212
"Malaysia",4,"East Asia & Pacific",10.0531998257645,4.51593352839909,0.0359750671225882
"Malaysia",5,"East Asia & Pacific",10.0060441408612,4.50783553149526,0.0325736704314877
"Malaysia",6,"East Asia & Pacific",9.96646235169752,4.49135096183403,0.0097522914426783
"Malaysia",7,"East Asia & Pacific",9.90448705286921,4.43588489136289,-0.237724336191743
"Malaysia",8,"East Asia & Pacific",9.88124194358881,4.43181837743006,-0.492920219897156
"Malaysia",9,"East Asia & Pacific",9.85534717720819,4.37858877032045,-0.510892292654978
"Mali",1,"Sub-Saharan Africa ",7.62559507213245,4.65286921433688,-0.538745103764125
"Mali",2,"Sub-Saharan Africa ",7.59085212368858,4.75859987545906,-1.51973432935232
"Malta",1,"Middle East & North Africa",10.4831860405885,4.47807568167652,-0.628652410379433
"Malta",2,"Middle East & North Africa",10.4472642764418,4.62009426750227,-0.658939009230208
"Malta",3,"Middle East & North Africa",10.3791004205464,4.61423572008978,-0.187921205604449
"Malta",4,"Middle East & North Africa",10.305279255278,4.60764724997976,-0.261624538132491
"Malta",5,"Middle East & North Africa",10.2492026562385,4.58244022698365,-0.262365264467991
"Malta",6,"Middle East & North Africa",10.2284654097316,4.55758830292333,-0.290285458321896
"Malta",7,"Middle East & North Africa",10.1803614262713,4.54034269496964,-0.39758622815948
"Malta",8,"Middle East & North Africa",10.1476095102355,4.52981351550453,-0.485856626609125
"Malta",9,"Middle East & North Africa",10.1002871285107,4.48896306611875,-0.600567999266852
"Mauritius",1,"Sub-Saharan Africa ",9.95180141281468,4.6920393107128,-1.33983071070985
"Mauritius",2,"Sub-Saharan Africa ",9.90048304351583,4.73046514104941,-1.72850301959304
"Mauritius",3,"Sub-Saharan Africa ",9.83841555579241,4.72858097477624,-0.971671315226961
"Mauritius",4,"Sub-Saharan Africa ",9.81356284500814,4.72429145116028,-0.985265746377686
"Mauritius",5,"Sub-Saharan Africa ",9.7682404031281,4.71774670664665,-0.986203669349181
"Mauritius",6,"Sub-Saharan Africa ",9.71776020260734,4.71103457659767,-0.996579303102992
"Mauritius",7,"Sub-Saharan Africa ",9.66776521901506,4.70936557486588,-1.08758333182038
"Mauritius",8,"Sub-Saharan Africa ",9.59899836176797,4.70090765875392,-1.15804387243754
"Mauritius",9,"Sub-Saharan Africa ",9.57983281962553,4.69507220130601,-1.23880582416618
"Mexico",1,"Latin America & Caribbean ",9.75033637304195,4.61393950038533,-0.749103963706142
"Mexico",2,"Latin America & Caribbean ",9.74858659131817,4.62766262136672,-0.844086356125232
"Mexico",3,"Latin America & Caribbean ",9.73269923155585,4.62432540465786,-0.593519063750521
"Mexico",4,"Latin America & Caribbean ",9.70747266861017,4.62293957768635,-0.624162309104994
"Mexico",5,"Latin America & Caribbean ",9.70625538300642,4.61980194504319,-0.62427431627357
"Mexico",6,"Latin America & Caribbean ",9.6778408710038,4.61757150387049,-0.654984719465596
"Mexico",7,"Latin America & Caribbean ",9.60978740775878,4.61713070347134,-0.666037978081327
"Mexico",8,"Latin America & Caribbean ",9.58328228837879,4.6162921767347,-0.685099648980645
"Mexico",9,"Latin America & Caribbean ",9.56170122109115,4.61589571747699,-0.705948772397154
"Moldova",1,"Europe & Central Asia",8.6429443967218,4.8756466188024,-0.995144563207982
"Moldova",2,"Europe & Central Asia",8.61974977974133,4.85305321544,-1.0427613959281
"Moldova",3,"Europe & Central Asia",8.59600437184053,5.02902833900422,-0.605905830016261
"Moldova",4,"Europe & Central Asia",8.55833513474741,4.94775587646624,-0.626180360129019
"Moldova",5,"Europe & Central Asia",8.45531778769815,4.94491509392461,-0.643271891066297
"Moldova",6,"Europe & Central Asia",8.41626727282628,4.93677344173548,-0.821276050270578
"Moldova",7,"Europe & Central Asia",8.33086361322474,4.92181875951617,-0.873878003242548
"Moldova",8,"Europe & Central Asia",8.31630024903685,4.91993206740517,-0.903892903538459
"Moldova",9,"Europe & Central Asia",8.22416351263786,4.91719662854471,-0.992335193197928
"Mongolia",1,"East Asia & Pacific",9.34312148321,4.59507766066939,-1.46041464104166
"Mongolia",2,"East Asia & Pacific",9.3200912359353,4.55606493578387,-1.46932820444946
"Mongolia",3,"East Asia & Pacific",9.30383071506352,4.80836826011094,-1.49758352765996
"Mongolia",4,"East Asia & Pacific",9.25626930386458,4.8076559219538,-1.86426564801493
"Mongolia",5,"East Asia & Pacific",9.12695876303713,4.80313637928808,-1.0893354518879
"Mongolia",6,"East Asia & Pacific",9.00577320623491,4.72883757763235,-1.18806664730888
"Mongolia",7,"East Asia & Pacific",8.86078289580631,4.70040824036547,-1.40939923483499
"Mongolia",8,"East Asia & Pacific",8.84505705350085,4.67523489561554,-1.43141725794185
"Mongolia",9,"East Asia & Pacific",8.82907995256484,4.65228575238787,-1.43506452548932
"Montenegro",1,"Europe & Central Asia",9.79087860815347,4.78615927537696,-0.967084151220055
"Montenegro",2,"Europe & Central Asia",9.72256501665588,4.77451484843241,-0.982670947891097
"Montenegro",3,"Europe & Central Asia",9.65374331942474,5.03240183987765,-1.012801632255
"Montenegro",4,"Europe & Central Asia",9.62641565919636,4.8733887849372,-1.15565894404739
"Montenegro",5,"Europe & Central Asia",9.58809164151683,4.83383061995595,0.216497515261093
"Montenegro",6,"Europe & Central Asia",9.55393007636626,4.82367167006786,0.138813666817021
"Montenegro",7,"Europe & Central Asia",9.54824016058858,4.80780410776785,0.0185469372865782
"Montenegro",8,"Europe & Central Asia",9.51414182630785,4.80370274403243,-0.0785779476251738
"Montenegro",9,"Europe & Central Asia",9.47654341275084,4.78820990278144,-0.225972549157757
"Morocco",1,"Middle East & North Africa",8.95027346655738,4.7026628553706,-1.29799048643206
"Morocco",5,"Middle East & North Africa",8.82173238093444,4.7378472597944,-0.336592243821789
"Morocco",6,"Middle East & North Africa",8.79179002431936,4.7364329089431,-0.459926573749207
"Morocco",7,"Middle East & North Africa",8.7371316117815,4.72301949881273,-0.498189134890859
"Morocco",8,"Middle East & North Africa",8.69951474821019,4.71768384377395,-0.499490114102245
"Morocco",9,"Middle East & North Africa",8.6741969402259,4.70756067116961,-0.641655905771808
"Mozambique",2,"Sub-Saharan Africa ",7.0647590277918,4.69899101436268,-0.786820700423126
"Mozambique",3,"Sub-Saharan Africa ",7.02108396428914,5.034594787127,-0.861991958466776
"Mozambique",4,"Sub-Saharan Africa ",6.97541392745595,5.01995170736846,-0.863935501540227
"Mozambique",5,"Sub-Saharan Africa ",6.9177056098353,4.98413753196477,-1.0867232442757
"Mozambique",6,"Sub-Saharan Africa ",6.84587987526405,4.95860417053074,-1.87653335127749
"Myanmar",1,"East Asia & Pacific",8.61794309451638,4.59825193331513,-2.81641522578033
"Myanmar",3,"East Asia & Pacific",8.4721958254855,4.66118832672875,-3.37669991006177
"Myanmar",7,"East Asia & Pacific",8.20248244657654,4.60473765407399,-1.81997377570923
"Myanmar",8,"East Asia & Pacific",8.10470346837111,4.60466997346809,-2.17877580726776
"Myanmar",9,"East Asia & Pacific",8.00302866638473,4.5990303097304,-2.63931736342112
"Namibia",4,"Sub-Saharan Africa ",9.16009915553944,4.81797368812645,-1.08782072758991
"Namibia",5,"Sub-Saharan Africa ",9.07909208536623,4.7940041311228,-1.95439605270561
"Nepal",6,"South Asia",7.62070508683826,4.84235746004447,-1.1943195472978
"Nepal",7,"South Asia",7.58069975222456,4.82044440559715,-1.34969245867534
"Nepal",8,"South Asia",7.539027055824,4.81632553067987,-2.91212668969919
"Netherlands",1,"Europe & Central Asia",10.8183773034947,4.48854443306034,0.693742003617629
"Netherlands",2,"Europe & Central Asia",10.8066930448616,4.52906171391521,0.668813503544492
"Netherlands",3,"Europe & Central Asia",10.8046646466002,4.51783572257003,0.66265704476191
"Netherlands",4,"Europe & Central Asia",10.7889066207432,4.51590535175549,0.643352762296131
"Netherlands",5,"Europe & Central Asia",10.7720575481989,4.51495446819865,0.544310688723118
"Netherlands",6,"Europe & Central Asia",10.7559861513225,4.50422668236162,0.523017005943148
"Netherlands",7,"Europe & Central Asia",10.7141955218352,4.49363026855136,0.521255047756504
"Netherlands",8,"Europe & Central Asia",10.7121930737303,4.49204615290476,0.496834198679227
"Netherlands",9,"Europe & Central Asia",10.6937614438268,4.49040724708918,0.699770199868179
"New Zealand",1,"East Asia & Pacific",10.5237951869191,4.58195634969452,0.208955373458835
"New Zealand",2,"East Asia & Pacific",10.4937710976368,4.58166824748853,0.144628343085828
"New Zealand",3,"East Asia & Pacific",10.4837459510175,4.60767736383087,0.141812013455745
"New Zealand",4,"East Asia & Pacific",10.4556470397951,4.60253911302942,0.135378435789592
"New Zealand",5,"East Asia & Pacific",10.3612288052097,4.59818865423092,0.113328685307003
"New Zealand",6,"East Asia & Pacific",10.3497746551645,4.59804637828517,0.0933355041423026
"New Zealand",7,"East Asia & Pacific",10.2992389684567,4.59800609759517,0.0531805124707248
"New Zealand",8,"East Asia & Pacific",10.2901095728428,4.5895689801005,-0.034777797535944
"New Zealand",9,"East Asia & Pacific",10.2291876921754,4.58922531346692,0.226434131412276
"Nicaragua",1,"Latin America & Caribbean ",8.61794309451638,4.77067675020416,-2.25056206492689
"Nicaragua",2,"Latin America & Caribbean ",8.57168137670031,4.75945276304391,-2.26528930825035
"Nicaragua",3,"Latin America & Caribbean ",8.52516136106541,4.85088164144279,-2.40727916410871
"Nicaragua",4,"Latin America & Caribbean ",8.47010158388239,4.8023269682255,-2.482788893817
"Nicaragua",5,"Latin America & Caribbean ",8.41847721847708,4.79211162882197,-2.73183072976761
"Nicaragua",6,"Latin America & Caribbean ",8.34995727204032,4.78948090771971,-3.3544092201634
"Nicaragua",9,"Latin America & Caribbean ",8.23747928861363,4.77247235509424,-2.22608712202132
"Nigeria",7,"Sub-Saharan Africa ",8.4721958254855,4.54345372272841,-1.51690431103117
"Norway",1,"Europe & Central Asia",11.1287324921376,4.46553379759224,0.539710412503691
"Norway",2,"Europe & Central Asia",11.1238748981302,4.41964856749162,0.502616016973212
"Norway",3,"Europe & Central Asia",11.0972584943775,4.59649204820528,0.501338765492812
"Norway",4,"Europe & Central Asia",11.0710038198514,4.54727077890705,0.487776010712378
"Norway",5,"Europe & Central Asia",11.0465950810908,4.51086399407668,0.48096211510616
"Norway",6,"Europe & Central Asia",11.0287417721507,4.49105675416587,0.447687721303982
"Norway",7,"Europe & Central Asia",11.0251651141352,4.48570727518158,0.440027552457275
"Norway",8,"Europe & Central Asia",10.9791723365605,4.48408894758068,0.659078373518555
"Norway",9,"Europe & Central Asia",10.9277354259154,4.46751154366327,0.544438333730921
"Oman",1,"Middle East & North Africa",10.638496187191,4.25263315836342,-1.56843993340003
"Oman",2,"Middle East & North Africa",10.636095801977,4.23921553009133,-1.77649654256214
"Oman",3,"Middle East & North Africa",10.6336896410471,4.51523843588322,-1.99179703182779
"Oman",8,"Middle East & North Africa",10.5863318401002,4.29843899267333,-1.40051499675986
"Oman",9,"Middle East & North Africa",10.5855737857366,4.27783168192359,-1.5481546840172
"Pakistan",1,"South Asia",8.62335338724463,4.66189441953632,-1.51458238142142
"Pakistan",2,"South Asia",8.57734711423598,4.6540228799178,-1.79155948922539
"Pakistan",3,"South Asia",8.53503310954457,4.70799370373657,-2.05455382617206
"Pakistan",4,"South Asia",8.48879371689454,4.68224396789094,-0.458090868782125
"Pakistan",5,"South Asia",8.45105338891169,4.67544544012177,-0.802850445651909
"Pakistan",6,"South Asia",8.41183267575841,4.67156315472819,-0.828096721138239
"Pakistan",7,"South Asia",8.38022733634308,4.67076401089683,-1.11245769549016
"Pakistan",8,"South Asia",8.36170828857584,4.6676364039906,-1.22874375331786
"Pakistan",9,"South Asia",8.34045601291618,4.66735666852302,-1.40429541222944
"Panama",1,"Latin America & Caribbean ",9.95132488195029,4.65207089581268,-2.00477943737141
"Panama",2,"Latin America & Caribbean ",9.91393281039767,4.60451567662104,-2.57386901963619
"Panama",3,"Latin America & Caribbean ",9.89646293759916,4.71738541160169,-2.76319300059942
"Panama",4,"Latin America & Caribbean ",9.82876400634019,4.70790076937304,-1.44659653492827
"Panama",5,"Latin America & Caribbean ",9.7705274252799,4.69396351494959,-1.46175093453534
"Panama",6,"Latin America & Caribbean ",9.68533154273296,4.69185684891491,-1.63178577609801
"Panama",7,"Latin America & Caribbean ",9.54466745225101,4.68349277826604,-1.68923898263766
"Panama",8,"Latin America & Caribbean ",9.52588077255636,4.68068077371475,-1.7452003634481
"Panama",9,"Latin America & Caribbean ",9.52149480061311,4.67041903921754,-1.91637076447802
"Paraguay",1,"Latin America & Caribbean ",9.11052003669397,4.55660756402526,-2.63568302897631
"Paraguay",2,"Latin America & Caribbean ",9.06992821825944,4.53495480818632,-2.86786690255609
"Paraguay",3,"Latin America & Caribbean ",9.04899722156742,4.59716954993064,-2.90497791028553
"Paraguay",4,"Latin America & Caribbean ",8.98969370086056,4.5929501333615,-2.04554265667438
"Paraguay",5,"Latin America & Caribbean ",8.87066300440602,4.58265366033954,-2.27147409796899
"Paraguay",6,"Latin America & Caribbean ",8.84505705350085,4.58242795344282,-2.43007761350932
"Paraguay",7,"Latin America & Caribbean ",8.80086724247048,4.58182619156116,-2.46345831858213
"Paraguay",8,"Latin America & Caribbean ",8.73552518573323,4.56838589033209,-2.59267005006214
"Paraguay",9,"Latin America & Caribbean ",8.6741969402259,4.55940590244658,-2.62196425218908
"Peru",1,"Latin America & Caribbean ",9.43188264192342,4.55627216944441,-2.49096496437196
"Peru",2,"Latin America & Caribbean ",9.40096073158483,4.55369540956612,-2.50506854161195
"Peru",3,"Latin America & Caribbean ",9.36306145899385,4.62900883401139,-2.89480155497555
"Peru",4,"Latin America & Caribbean ",9.32812340763257,4.62140821333509,-1.85963154047489
"Peru",5,"Latin America & Caribbean ",9.25435725739296,4.60687381244043,-2.14310577844872
"Peru",6,"Latin America & Caribbean ",9.17678358844734,4.60428343073688,-2.20111212406341
"Peru",7,"Latin America & Caribbean ",9.10941445338622,4.59490272525295,-2.22275779313449
"Peru",8,"Latin America & Caribbean ",9.04192172035122,4.58211306708911,-2.2268284805948
"Peru",9,"Latin America & Caribbean ",9.02881849535279,4.56456150863759,-2.24459924379539
"Philippines",1,"East Asia & Pacific",9.14740057220231,4.62313687626121,-2.21027942221002
"Philippines",4,"East Asia & Pacific",8.97840831462889,4.66248170575359,-1.9776794927443
"Philippines",5,"East Asia & Pacific",8.90245559220688,4.64640747665722,-1.9850044701964
"Philippines",6,"East Asia & Pacific",8.8305430106166,4.64098300562795,-2.04106734056294
"Philippines",7,"East Asia & Pacific",8.79633893284573,4.64088693927298,-2.14353216313945
"Philippines",8,"East Asia & Pacific",8.73391617492752,4.63726314618209,-2.172434408529
"Philippines",9,"East Asia & Pacific",8.6978466911095,4.62945476913615,-2.19471772212504
"Poland",1,"Europe & Central Asia",10.1773242181659,4.57373695666954,-0.578462272481802
"Poland",2,"Europe & Central Asia",10.1538570901039,4.56385514600434,0.00336433427542632
"Poland",3,"Europe & Central Asia",10.1157723605155,4.65434576211801,-0.0618647654768014
"Poland",4,"Europe & Central Asia",10.0845583274284,4.62495384693639,-0.127208566741043
"Poland",5,"Europe & Central Asia",10.0471549023485,4.6245450551204,-0.140527235136977
"Poland",6,"Europe & Central Asia",10.0037852738515,4.61370380021739,-0.295203621850631
"Poland",7,"Europe & Central Asia",9.92230930677672,4.60956330222843,-0.330784442831601
"Poland",8,"Europe & Central Asia",9.83627880284268,4.59065055788281,-0.412429301909797
"Poland",9,"Europe & Central Asia",9.7964589797776,4.58549999042109,-0.51520185216697
"Portugal",1,"Europe & Central Asia",10.3069506579736,4.59506926511978,0.119807651404712
"Portugal",2,"Europe & Central Asia",10.2653490231622,4.59390425433077,0.459808080829198
"Portugal",3,"Europe & Central Asia",10.2488487365746,4.69786592439793,0.426561016402897
"Portugal",4,"Europe & Central Asia",10.2226682920473,4.67803344995307,0.377209656136532
"Portugal",5,"Europe & Central Asia",10.1818765780763,4.67208888344709,0.367541686441615
"Portugal",6,"Europe & Central Asia",10.1758021478568,4.64709122419567,0.322829597580054
"Portugal",7,"Europe & Central Asia",10.1585172927127,4.61023553798045,0.284058013475815
"Portugal",8,"Europe & Central Asia",10.1499569291538,4.60327847533309,0.25489024962679
"Portugal",9,"Europe & Central Asia",10.1464337311465,4.59933054192794,0.245961236594656
"Puerto Rico",2,"Latin America & Caribbean ",10.1345992734995,4.28815245116688,-0.795600814185054
"Puerto Rico",3,"Latin America & Caribbean ",10.1190020766858,4.47563779922354,-0.8295398054655
"Puerto Rico",4,"Latin America & Caribbean ",10.0986430673102,4.41952598501306,-0.842157760032928
"Qatar",5,"Middle East & North Africa",11.6878866673579,4.35509741099791,-0.736785637589775
"Romania",1,"Europe & Central Asia",10.0154760544842,4.61136501459541,-0.728132077462905
"Romania",2,"Europe & Central Asia",9.95513078568797,4.60956152993261,-0.773858445001095
"Romania",3,"Europe & Central Asia",9.92083619087074,4.72960415841666,-0.794161598641092
"Romania",4,"Europe & Central Asia",9.87457354237149,4.66729659106549,-0.949485636731796
"Romania",5,"Europe & Central Asia",9.83413747440133,4.66476815472529,-0.96081749725763
"Romania",6,"Europe & Central Asia",9.78695373628018,4.65934102635421,-0.564156079477641
"Romania",7,"Europe & Central Asia",9.73506890091116,4.65370794908733,-0.652216391957981
"Romania",8,"Europe & Central Asia",9.67281573480113,4.61450969045677,-0.706759407979807
"Romania",9,"Europe & Central Asia",9.66396052197139,4.61289765023917,-0.718157343564113
"Russian Federation",1,"Europe & Central Asia",10.1397447429957,4.5209662470098,0.0843135745241825
"Russian Federation",2,"Europe & Central Asia",10.126231023829,4.50825539752466,0.054535532648014
"Russian Federation",3,"Europe & Central Asia",10.1250298224834,4.55220783236984,0.0451071998987647
"Russian Federation",4,"Europe & Central Asia",10.0907966508411,4.5497359634206,0.0428295779753556
"Russian Federation",5,"Europe & Central Asia",10.0870583287305,4.53895454370692,0.0222408289358954
"Russian Federation",6,"Europe & Central Asia",10.0690019910137,4.53627726096914,0.224862073808174
"Russian Federation",7,"Europe & Central Asia",9.89646293759916,4.52784471307927,0.12400364746944
"Russian Federation",8,"Europe & Central Asia",9.88328484521861,4.52121508419541,0.122571552388181
"Russian Federation",9,"Europe & Central Asia",9.83948222256022,4.52109893399646,0.111281949314024
"Saudi Arabia",1,"Middle East & North Africa",10.9286326893224,4.29653738255427,-2.61264911633896
"Saudi Arabia",2,"Middle East & North Africa",10.9257586079475,4.27499287002673,-3.01593498087151
"Saudi Arabia",3,"Middle East & North Africa",10.888744488875,4.65827101515542,-3.09710076794228
"Saudi Arabia",4,"Middle East & North Africa",10.8593835390026,4.60023505320776,-3.15848652485542
"Saudi Arabia",5,"Middle East & North Africa",10.8442757560107,4.50734895895352,-3.1622592244493
"Saudi Arabia",6,"Middle East & North Africa",10.804055323945,4.46464166161231,-0.10491616994956
"Saudi Arabia",7,"Middle East & North Africa",10.7283206739214,4.42377117465526,-0.122913674905415
"Saudi Arabia",8,"Middle East & North Africa",10.7166375254908,4.36784055778729,-0.127833371509885
"Saudi Arabia",9,"Middle East & North Africa",10.6901250761834,4.31708967062479,-0.200819595436091
"Senegal",6,"Sub-Saharan Africa ",7.65917136766606,4.78061641224392,-0.613781625179205
"Senegal",7,"Sub-Saharan Africa ",7.65444322647011,4.7733459983887,-0.998016104434547
"Serbia",1,"Europe & Central Asia",9.52515111181622,4.69822956646091,-0.143754903645138
"Serbia",2,"Europe & Central Asia",9.48872939751637,4.67704385848859,-0.26211829472053
"Serbia",3,"Europe & Central Asia",9.48872939751637,4.82848952340278,-0.296265471315646
"Serbia",4,"Europe & Central Asia",9.48721424571136,4.75933501497566,-0.319971131788849
"Serbia",5,"Europe & Central Asia",9.44699227331519,4.75271181816812,-0.32314346072994
"Serbia",6,"Europe & Central Asia",9.44620269569817,4.74838196688074,-0.341336045787414
"Serbia",7,"Europe & Central Asia",9.37670190919141,4.74483569562501,-0.479860044509111
"Serbia",8,"Europe & Central Asia",9.36220272128543,4.70815140355174,-0.0965329270551472
"Serbia",9,"Europe & Central Asia",9.3578979363338,4.70690459193761,-0.143708720668175
"Seychelles",1,"Sub-Saharan Africa ",10.253439950714,4.67629416931101,-0.898770118156166
"Seychelles",2,"Sub-Saharan Africa ",10.1530782738652,4.61697530991683,-1.05964160677004
"Seychelles",3,"Sub-Saharan Africa ",10.1246291011797,4.75914037382733,-1.19703029275936
"Seychelles",8,"Sub-Saharan Africa ",9.79143804872751,4.70713178987034,-0.855078047706166
"Seychelles",9,"Sub-Saharan Africa ",9.77735727539192,4.69166340872951,-0.887144636143452
"Singapore",1,"East Asia & Pacific",11.3506418019128,4.30338401497285,0.70073333280532
"Singapore",2,"East Asia & Pacific",11.3197047273073,4.2906911042019,0.699223681178542
"Singapore",3,"East Asia & Pacific",11.3182478859667,4.37216347542056,0.696566328605601
"Singapore",4,"East Asia & Pacific",11.2722541967878,4.35205133727832,0.963410930999262
"Singapore",5,"East Asia & Pacific",11.2196276537328,4.33854329942725,0.849787615515876
"Singapore",6,"East Asia & Pacific",11.1983516970501,4.33840891519206,0.787338552914376
"Singapore",7,"East Asia & Pacific",11.159673228309,4.32328248598626,0.769251373224766
"Singapore",8,"East Asia & Pacific",11.0117200845812,4.30571752167653,0.766746094594138
"Singapore",9,"East Asia & Pacific",10.9817270513963,4.30513678738192,0.756962002390333
"Slovak Republic",1,"Europe & Central Asia",10.3099521609774,4.56781749029793,-0.748110358635232
"Slovak Republic",2,"Europe & Central Asia",10.2747062219157,4.56191253676905,-0.772103811561658
"Slovak Republic",3,"Europe & Central Asia",10.2597624164535,4.63307963915648,-0.802426475725108
"Slovak Republic",4,"Europe & Central Asia",10.2270192778816,4.61989154311005,0.16420001568026
"Slovak Republic",5,"Europe & Central Asia",10.1712219871782,4.6195911446513,-0.125880733694
"Slovak Republic",6,"Europe & Central Asia",10.1226230824528,4.61426673760608,-0.194046020490514
"Slovak Republic",7,"Europe & Central Asia",10.1035671642518,4.58896691740385,-0.216975115293834
"Slovak Republic",8,"Europe & Central Asia",10.0540604110155,4.57029807668854,-0.410588208806935
"Slovak Republic",9,"Europe & Central Asia",10.0388921895423,4.56952113207775,-0.484281068543878
"Slovenia",1,"Europe & Central Asia",10.3675359847432,4.51537975226091,0.596795959059706
"Slovenia",2,"Europe & Central Asia",10.3277744148849,4.50914408028918,0.485901584398508
"Slovenia",3,"Europe & Central Asia",10.3261374853984,4.62425378071867,0.353343400505681
"Slovenia",4,"Europe & Central Asia",10.2887499533268,4.59071725024144,0.956752981694044
"Slovenia",5,"Europe & Central Asia",10.2729800001855,4.58664353294148,0.947188443201999
"Slovenia",6,"Europe & Central Asia",10.2559034395545,4.58630515860162,0.885245785867818
"Slovenia",7,"Europe & Central Asia",10.2544964748482,4.56207463314421,0.869035588956544
"Slovenia",8,"Europe & Central Asia",10.2182982923762,4.5479718871787,0.793779536064479
"Slovenia",9,"Europe & Central Asia",10.2072890068678,4.52829995372998,0.721554835048187
"South Africa",1,"Sub-Saharan Africa ",9.46032057724395,4.59704475079102,-0.307340710114965
"South Africa",2,"Sub-Saharan Africa ",9.45954145760968,4.59267766738247,-0.308565283368205
"South Africa",3,"Sub-Saharan Africa ",9.44856956070843,4.62880947384375,-0.32458121586805
"South Africa",4,"Sub-Saharan Africa ",9.42867236629317,4.62242245930378,-0.107741124838373
"South Africa",5,"Sub-Saharan Africa ",9.40096073158483,4.62124542521586,-0.118997522847486
"South Africa",6,"Sub-Saharan Africa ",9.37670190919141,4.61958519965158,-0.124815203491962
"South Africa",7,"Sub-Saharan Africa ",9.34136863438259,4.61597594313667,-0.147618726227964
"South Africa",8,"Sub-Saharan Africa ",9.3200912359353,4.60371208650901,-0.180503210987171
"South Africa",9,"Sub-Saharan Africa ",9.3101857069459,4.60110679412872,-0.305846043079452
"Spain",1,"Europe & Central Asia",10.4556470397951,4.57207392174326,0.211394804279662
"Spain",2,"Europe & Central Asia",10.4222813459513,4.65514966556101,0.20926366988017
"Spain",3,"Europe & Central Asia",10.3911468982703,4.61813558413845,0.19853113550799
"Spain",4,"Europe & Central Asia",10.3868391993014,4.61660813863171,0.3006822033788
"Spain",5,"Europe & Central Asia",10.3669070539048,4.60762594944626,0.300223103946092
"Spain",6,"Europe & Central Asia",10.3659629153611,4.59037305673767,0.281895361690047
"Spain",7,"Europe & Central Asia",10.3580602347513,4.58221137363651,0.272025139875733
"Spain",8,"Europe & Central Asia",10.3580602347513,4.58057503256317,0.25281885162396
"Spain",9,"Europe & Central Asia",10.4995730202529,4.57453368539881,0.233711513176251
"Sri Lanka",1,"South Asia",9.34836166987356,4.66807370602006,-2.29431934857701
"Sri Lanka",4,"South Asia",9.20833836930551,4.71724020728215,-1.69505026851002
"Sri Lanka",5,"South Asia",9.11602969250494,4.68782789352993,-1.70276006966547
"Sri Lanka",6,"South Asia",9.02038978801774,4.6828101574575,-1.74801056229804
"Sri Lanka",7,"South Asia",8.93590352627442,4.67873717118611,-1.94037549355684
"Sri Lanka",8,"South Asia",8.88737648537976,4.67778714730258,-1.98821240528922
"Sri Lanka",9,"South Asia",9.39015879855202,4.67524877293241,-2.16752986200118
"St. Lucia",2,"Latin America & Caribbean ",9.38848655735966,4.80538454888304,-0.266729779477133
"St. Lucia",3,"Latin America & Caribbean ",9.38176948760371,4.76156469037202,-1.00950311359633
"Sudan",1,"Sub-Saharan Africa ",8.33086361322474,4.55906321520668,-1.07933921332452
"Sudan",2,"Sub-Saharan Africa ",8.28903709827848,4.66610174814615,-1.20918637137882
"Sudan",3,"Sub-Saharan Africa ",8.24800570160062,4.66388620640335,-1.21786890951805
"Sudan",6,"Sub-Saharan Africa ",8.00302866638473,4.6321660165405,-0.634746205685469
"Sudan",7,"Sub-Saharan Africa ",7.99631723179675,4.6317948384016,-0.749146266680047
"Sudan",8,"Sub-Saharan Africa ",7.90100705199242,4.5847266961175,-0.805509932530797
"Sudan",9,"Sub-Saharan Africa ",8.36404201192206,4.57973558129662,-0.928641691933186
"Sweden",1,"Europe & Central Asia",10.7913788098886,4.54044963146269,1.1774696787456
"Sweden",2,"Europe & Central Asia",10.7697473508047,4.56105481572266,1.16817255471188
"Sweden",3,"Europe & Central Asia",10.7519276175021,4.55904566818447,1.14528911019014
"Sweden",4,"Europe & Central Asia",10.7311656260537,4.55698507691358,1.25069511767908
"Sweden",5,"Europe & Central Asia",10.7068335253941,4.55557195195997,1.23782045454896
"Sweden",6,"Europe & Central Asia",10.6777537843809,4.55533202127616,1.1957299249475
"Sweden",7,"Europe & Central Asia",10.663592201221,4.55460022843931,1.18955537080993
"Sweden",8,"Europe & Central Asia",10.6132459989013,4.54894329160935,1.18260104658824
"Sweden",9,"Europe & Central Asia",10.8133577166074,4.54583088297551,1.1797928103242
"Switzerland",4,"Europe & Central Asia",10.9876627934065,4.49552431447435,1.08733224079966
"Switzerland",5,"Europe & Central Asia",10.9478196342912,4.49375881937806,1.00441881844481
"Switzerland",6,"Europe & Central Asia",10.9373835264845,4.49223481459206,0.985421193895095
"Switzerland",7,"Europe & Central Asia",10.8710415783478,4.48613423875889,0.897943445056096
"Switzerland",8,"Europe & Central Asia",10.7987589171862,4.48290757515071,0.84402536876554
"Tajikistan",1,"Europe & Central Asia",8.11969625295725,4.84260673537645,-2.13961626471591
"Tajikistan",2,"Europe & Central Asia",8.10772006191053,5.04347229599174,-2.16560963796697
"Tajikistan",3,"Europe & Central Asia",8.10772006191053,5.00609635046798,-2.16875374536053
"Tajikistan",4,"Europe & Central Asia",8.01301211036892,5.00498002983754,-2.21732524904322
"Tajikistan",5,"Europe & Central Asia",7.94449216393216,4.99766768093208,-2.41754711146373
"Tajikistan",6,"Europe & Central Asia",7.84384863815247,4.99413267620245,-2.45608598397981
"Tajikistan",7,"Europe & Central Asia",7.56527528189893,4.93679377610532,-2.66169156212419
"Tajikistan",8,"Europe & Central Asia",7.54433210805369,4.92192070857194,-2.69148811280323
"Tajikistan",9,"Europe & Central Asia",8.1605182474775,4.89760497754382,-2.10800563880459
"Tanzania",1,"Sub-Saharan Africa ",7.86710550031674,4.63598026051811,-0.966111426858111
"Tanzania",2,"Sub-Saharan Africa ",7.82404601085629,4.74738406883117,-1.0800751676697
"Tanzania",9,"Sub-Saharan Africa ",7.91571319938212,4.63621230442491,-0.636974808254761
"Thailand",1,"East Asia & Pacific",9.64082324305964,4.44579819082096,-1.59336773225661
"Thailand",2,"East Asia & Pacific",9.60440743513198,4.5945971434574,-1.60584437692397
"Thailand",3,"East Asia & Pacific",9.56941244051464,4.58461625684771,-0.466489809945939
"Thailand",4,"East Asia & Pacific",9.5496656775798,4.5809202800771,-0.72432829804352
"Thailand",5,"East Asia & Pacific",9.48872939751637,4.57648830463914,-0.81608347145713
"Thailand",6,"East Asia & Pacific",9.44620269569817,4.54624976833755,-1.01699543599579
"Thailand",7,"East Asia & Pacific",9.38092667255172,4.53483826386549,-1.449191563292
"Thailand",8,"East Asia & Pacific",9.37330920025432,4.50415779163455,-1.45787629562556
"Thailand",9,"East Asia & Pacific",9.68470945873156,4.48200312382666,-1.51863788810766
"Togo",3,"Sub-Saharan Africa ",7.01211529430638,4.78689805260726,-1.30482497932234
"Togo",4,"Sub-Saharan Africa ",6.99393297522319,4.78428741783096,-1.37148456946641
"Togo",5,"Sub-Saharan Africa ",6.95654544315157,4.77425014501797,-1.49566289817526
"Trinidad and Tobago",1,"Latin America & Caribbean ",10.3662777272636,4.26503450483972,-2.8683950250928
"Trinidad and Tobago",2,"Latin America & Caribbean ",10.315597203363,4.54421338834707,-3.04072963948473
"Trinidad and Tobago",3,"Latin America & Caribbean ",10.3152660227009,4.45801982287967,-3.12470265485095
"Trinidad and Tobago",4,"Latin America & Caribbean ",10.286707051697,4.35999930157047,-3.21264527511756
"Trinidad and Tobago",5,"Latin America & Caribbean ",10.2798670797492,4.35948013721773,-3.48121508964819
"Trinidad and Tobago",6,"Latin America & Caribbean ",10.235306120476,4.3363529821176,-2.45224586754845
"Trinidad and Tobago",7,"Latin America & Caribbean ",10.2266574179175,4.3000149784584,-2.62693114981742
"Trinidad and Tobago",8,"Latin America & Caribbean ",10.2131757052505,4.28758365492641,-2.82683373709218
"Trinidad and Tobago",9,"Latin America & Caribbean ",10.3791004205464,4.275282524807,-2.83770340932908
"Tunisia",1,"Middle East & North Africa",9.31379908034441,4.63411964455744,-0.399507887634038
"Tunisia",2,"Middle East & North Africa",9.2983512492989,4.70942091413228,-0.407201614963846
"Tunisia",3,"Middle East & North Africa",9.25531373761891,4.70832500638958,-0.42368508845099
"Tunisia",4,"Middle East & North Africa",9.22522898446993,4.70817680143335,-0.447225042356396
"Tunisia",5,"Middle East & North Africa",9.18502256399189,4.69607779556536,-0.459372342177075
"Tunisia",6,"Middle East & North Africa",9.17367638760459,4.69536404585665,-0.344421750444411
"Tunisia",7,"Middle East & North Africa",9.14846496825809,4.67717036807052,-0.347517006153967
"Tunisia",8,"Middle East & North Africa",9.11052003669397,4.65543003058079,-0.370686940772289
"Tunisia",9,"Middle East & North Africa",9.31919477688827,4.6351007362489,-0.382652310043008
"Turkey",1,"Europe & Central Asia",10.1092814655152,4.61299081700547,-0.164131994493753
"Turkey",2,"Europe & Central Asia",10.0782808429093,4.68340934724705,-0.17136974738986
"Turkey",3,"Europe & Central Asia",10.0037852738515,4.66160547286718,-0.321831930815085
"Turkey",4,"Europe & Central Asia",9.92720407915344,4.65397560035009,-0.324954817460895
"Turkey",5,"Europe & Central Asia",9.87765679250161,4.65310835012207,-0.543934386333744
"Turkey",6,"Europe & Central Asia",9.75846178048587,4.64682838585776,0.00559432255630979
"Turkey",7,"Europe & Central Asia",9.67344525953076,4.64328870225162,-0.0585405450139355
"Turkey",8,"Europe & Central Asia",9.63560810738053,4.63361653552576,-0.0835120522290158
"Turkey",9,"Europe & Central Asia",10.1258307836796,4.63091595172911,-0.153139524550439
"Uganda",1,"Sub-Saharan Africa ",7.46164039220858,4.67933086083613,-1.11999937054976
"Uganda",2,"Sub-Saharan Africa ",7.43248380791712,4.74407343231015,-1.20234080343081
"Uganda",3,"Sub-Saharan Africa ",7.39633529380081,4.72654719214432,-1.34738138762129
"Uganda",4,"Sub-Saharan Africa ",7.37775890822787,4.72036134402621,-1.35860137610314
"Uganda",5,"Sub-Saharan Africa ",7.36518012602101,4.71363193758815,-1.53953878505443
"Uganda",6,"Sub-Saharan Africa ",7.28619171470238,4.70750845160995,-0.744335217329379
"Uganda",7,"Sub-Saharan Africa ",7.25134498337221,4.7032082442413,-0.946827261935806
"Uganda",8,"Sub-Saharan Africa ",7.2152399787301,4.70101279449142,-0.997121249788704
"Uganda",9,"Sub-Saharan Africa ",7.4899708988348,4.70026229380737,-1.0385431152022
"Ukraine",1,"Europe & Central Asia",9.04546572878595,4.62177872873179,-0.275411004250686
"Ukraine",2,"Europe & Central Asia",9.02761873516089,4.79543364952084,-0.282124212674436
"Ukraine",3,"Europe & Central Asia",9.02641753381525,4.69351274908157,-0.304082493819562
"Ukraine",4,"Europe & Central Asia",9.01066917684711,4.68201843636485,-0.432199303310801
"Ukraine",5,"Europe & Central Asia",8.99838401005254,4.66916908666806,-0.482205773528805
"Ukraine",6,"Europe & Central Asia",8.96826881077645,4.66561831043557,-0.154597446279195
"Ukraine",7,"Europe & Central Asia",8.92930284224307,4.64471080667554,-0.159136421339917
"Ukraine",8,"Europe & Central Asia",8.86644061952617,4.63962821836825,-0.16665689082781
"Ukraine",9,"Europe & Central Asia",9.05602301159183,4.62385753231144,-0.182781662626411
"United Arab Emirates",6,"Middle East & North Africa",10.9982591418183,4.52082395765271,-0.144343923636875
"United Arab Emirates",7,"Middle East & North Africa",10.9754135759417,4.50841439463979,-0.365513892605937
"United Arab Emirates",8,"Middle East & North Africa",10.9402244374862,4.49895038516661,-0.715004316915254
"United Kingdom",1,"Europe & Central Asia",10.6130000871823,4.62044741583303,0.531539600363095
"United Kingdom",2,"Europe & Central Asia",10.5931285937668,4.63341857438432,0.519567303702746
"United Kingdom",3,"Europe & Central Asia",10.5656599287966,4.6308941930906,0.518639019533546
"United Kingdom",4,"Europe & Central Asia",10.5302278008985,4.62680577821928,0.518263891136989
"United Kingdom",5,"Europe & Central Asia",10.5159668300286,4.62598538498961,0.506510326248317
"United Kingdom",6,"Europe & Central Asia",10.4965381165578,4.62514952574211,0.496931546558033
"United Kingdom",7,"Europe & Central Asia",10.4959853249461,4.62502071471185,0.490896348450289
"United Kingdom",8,"Europe & Central Asia",10.4481347247776,4.6247747052589,0.474680177129637
"United Kingdom",9,"Europe & Central Asia",10.6368165227289,4.62216341665739,0.532414889367133
"United States",1,"North America",10.9664726635611,4.63206113713525,1.02742057292259
"United States",2,"North America",10.9359600386997,4.65312774826127,1.01987567213053
"United States",3,"North America",10.8967393255464,4.64186444740104,1.01896644667741
"United States",4,"North America",10.8752129912984,4.63958524093858,1.01339203393362
"United States",5,"North America",10.8338784087891,4.63885493482501,1.00802726106155
"United States",6,"North America",10.7971235938455,4.63422046106071,1.00574744991214
"United States",7,"North America",10.79220151664,4.63367940910282,0.99252187707141
"United States",8,"North America",10.7632079329219,4.63277248860578,0.964269138085801
"United States",9,"North America",10.9801950058162,4.63222599861504,1.03753798242545
"Uruguay",1,"Latin America & Caribbean ",9.92964251001298,4.59332266414077,-0.886149574962168
"Uruguay",2,"Latin America & Caribbean ",9.9124472939076,4.65207330474928,-0.968057822696038
"Uruguay",3,"Latin America & Caribbean ",9.86734210589978,4.63688099442324,-1.00605133908178
"Uruguay",4,"Latin America & Caribbean ",9.81192035901064,4.63484134723866,-1.05317058147158
"Uruguay",5,"Latin America & Caribbean ",9.75846178048587,4.62499537023425,-1.07531577211767
"Uruguay",6,"Latin America & Caribbean ",9.68719547617102,4.6091894495131,-1.0908822426062
"Uruguay",7,"Latin America & Caribbean ",9.60844512567805,4.60888864699452,-1.11480264806684
"Uruguay",8,"Latin America & Caribbean ",9.56591471047088,4.59709756745364,-1.13731153780739
"Uruguay",9,"Latin America & Caribbean ",9.95655427347282,4.5952516406133,-0.855477892477643
"Uzbekistan",1,"Europe & Central Asia",8.73230457103318,4.57319938674797,-1.54393111023198
"Uzbekistan",2,"Europe & Central Asia",8.68609172787805,4.65538374456557,-1.59430302484983
"Uzbekistan",3,"Europe & Central Asia",8.61974977974133,4.64715167446056,-1.5986958159022
"Uzbekistan",4,"Europe & Central Asia",8.53109609658523,4.64444146845247,-1.62156110223641
"Uzbekistan",5,"Europe & Central Asia",8.4446224985814,4.62329389987982,-1.62765280085501
"Uzbekistan",6,"Europe & Central Asia",8.36170828857584,4.62303544285873,-1.63378183582362
"Uzbekistan",7,"Europe & Central Asia",8.29154650988391,4.60996568568934,-1.63526867246862
"Uzbekistan",8,"Europe & Central Asia",8.25322764558177,4.58686897287334,-1.64304640360793
"Uzbekistan",9,"Europe & Central Asia",8.80086724247048,4.57894035560379,-1.52725902647646
"Vietnam",1,"East Asia & Pacific",8.63230599851674,4.56950873545588,-1.65847060601141
"Vietnam",2,"East Asia & Pacific",8.57168137670031,4.73307159775868,-1.72580320356537
"Vietnam",9,"East Asia & Pacific",8.70615929092886,4.57187184387716,-0.983392535414891
"West Bank and Gaza",3,"Middle East & North Africa",8.53503310954457,5.02487374571598,-0.708870141025182
"West Bank and Gaza",4,"Middle East & North Africa",8.53109609658523,4.96788200361495,-0.924953142452808
"West Bank and Gaza",5,"Middle East & North Africa",8.44891435066294,4.94895965854704,-0.929451962151978
"West Bank and Gaza",6,"Middle East & North Africa",8.38022733634308,4.93885005177016,-1.56863191804185
"West Bank and Gaza",7,"Middle East & North Africa",8.37562962709445,4.93637500182264,-1.81167650306841
"Zambia",2,"Sub-Saharan Africa ",8.22951111896446,4.65954712547251,-4.50623023813319
"Zambia",3,"Sub-Saharan Africa ",8.17470288246946,4.64084218505183,-4.77122477031817
"Zambia",4,"Sub-Saharan Africa ",8.16905314992734,4.63756068404115,-4.91033757278089
"Zambia",5,"Sub-Saharan Africa ",8.07090608878782,4.62906933416864,-5.21397621811429
"Zambia",8,"Sub-Saharan Africa ",7.84384863815247,4.54168765580162,-1.27945094550189
